,Srn,Charge_Id,Charge_Holder_Name,Date_Of_Creation,Date_Of_Modification,Date_Of_Satisfaction,Amount,Cin,Company_Name,Runtime,Address,Charge_Holder_Clean_Name
0,AA4544723,100712219,IDBI TRUSTEESHIP SERVICES LIMITED,2022-12-07,,2023-08-30,750000000000,L65920MH1994PLC080618,HDFC BANK,2023-12-19 18:33:25.617334,"Asian Bldg., Ground Floor, 17, R.Kamani Marg,   Ballard Estate,    Town Hall (Mumbai) Mumbai Mumbai Maharashtra 400001 India",IDBI TRUSTEESHIP SERVICES
1,AA2610198,10056533,IDBI TRUSTEESHIP SERVICES LIMITED,2007-06-22,2023-05-17,,170157200000,L65920MH1994PLC080618,HDFC BANK,2023-12-19 18:33:25.617334,"GR FLR, UNIVERSAL INSURANCE BLDG, SIR PHIROZSHAH MEHTA RD., FORT   Town Hall (Mumbai) Mumbai Mumbai Maharashtra 400001 India",IDBI TRUSTEESHIP SERVICES
2,AA4689052,100245781,IDBI TRUSTEESHIP SERVICES LIMITED,2019-02-16,2022-08-10,2023-08-30,145550000000,L65920MH1994PLC080618,HDFC BANK,2023-12-19 18:33:25.617334,"Asian Building, Ground Floor, 17, R. Kamani Marg, Ballard Estate,      Maharashtra 400001 India",IDBI TRUSTEESHIP SERVICES
3,AA4675269,100379002,IDBI TRUSTEESHIP SERVICES LIMITED,2020-09-15,2023-03-02,2023-08-30,182500000000,L65920MH1994PLC080618,HDFC BANK,2023-12-19 18:33:25.617334,"GR FLR, UNIVERSAL INSURANCE BLDG, SIR PHIROZSHAH MEHTA RD., FORT   Town Hall (Mumbai) Mumbai Mumbai Maharashtra 400001 India",IDBI TRUSTEESHIP SERVICES
4,AA4679033,100299483,IDBI TRUSTEESHIP SERVICES LIMITED,2019-09-03,2023-03-02,2023-08-30,186950000000,L65920MH1994PLC080618,HDFC BANK,2023-12-19 18:33:25.617334,"GR FLR, UNIVERSAL INSURANCE BLDG, SIR PHIROZSHAH MEHTA RD., FORT   Town Hall (Mumbai) Mumbai Mumbai Maharashtra 400001 India",IDBI TRUSTEESHIP SERVICES
5,AA1082859,100336293,IDBI TRUSTEESHIP SERVICES LIMITED,2020-03-12,2022-11-02,,77500000000,L65920MH1994PLC080618,HDFC BANK,2023-12-19 18:33:25.617334,"Asian Bldg., Ground Floor, 17, R.Kamani Marg,   Ballard Estate,    Town Hall (Mumbai) Mumbai Mumbai Maharashtra 400001 India",IDBI TRUSTEESHIP SERVICES
6,AA4704876,10624434,IDBI TRUSTEESHIP SERVICES LIMITED,2016-02-05,2021-11-02,2023-08-30,52800000000,L65920MH1994PLC080618,HDFC BANK,2023-12-19 18:33:25.617334,"Asian Building, Ground Floor, 17, R.Kamani Marg, Ballard Estate,      Maharashtra 400001 India",IDBI TRUSTEESHIP SERVICES
7,AA4671309,100449937,IDBI TRUSTEESHIP SERVICES LIMITED,2021-05-21,2021-12-06,2023-08-30,255000000000,L65920MH1994PLC080618,HDFC BANK,2023-12-19 18:33:25.617334,"Asian Building., Ground Floor, 17, R. Kamani Marg, Ballard Estate,      Maharashtra 400001 India",IDBI TRUSTEESHIP SERVICES
8,AA4670579,100517609,IDBI TRUSTEESHIP SERVICES LIMITED,2021-11-23,2023-03-02,2023-08-30,749152000000,L65920MH1994PLC080618,HDFC BANK,2023-12-19 18:33:25.617334,"GR FLR, UNIVERSAL INSURANCE BLDG, SIR PHIROZSHAH MEHTA RD., FORT   Town Hall (Mumbai) Mumbai Mumbai Maharashtra 400001 India",IDBI TRUSTEESHIP SERVICES
9,Y10517664,90389594,THE INDUSTRIAL FINANCE CORPORATION OF INDIA LTD.,1993-06-09,1993-07-08,1999-09-30,100000000,L65920MH1994PLC080618,HDFC BANK,2023-12-19 18:33:25.617334,BANK OF BARODA BUILDING 16 PARLIAMENT STREET      Delhi  India,INDUSTRIAL FINANCE CORPORATION OF INDIA
10,Y10511662,90383716,KARNATAKA STATE FINANCIAL CORPORATION,1985-04-13,1983-11-07,1999-09-30,2500000,L65920MH1994PLC080618,HDFC BANK,2023-12-19 18:33:25.617334,M.G. ROAD       Karnataka  India,KARNATAKA STATE FINANCIAL CORPORATION
11,Y10517702,90389632,BANK OF AMERICA,1995-08-22,,1999-09-30,110000000,L65920MH1994PLC080618,HDFC BANK,2023-12-19 18:33:25.617334,NARIMAN POINT       Maharashtra  India,BANK OF AMERICA
12,Y10517521,90389451,CANARA BANK,1983-12-29,1983-03-01,1999-09-30,2500000,L65920MH1994PLC080618,HDFC BANK,2023-12-19 18:33:25.617334,NARIMAN POINT       Maharashtra  India,CANARA BANK
13,Y10517616,90389546,BANK OF AMERICA,1990-09-15,,1999-09-30,1500000,L65920MH1994PLC080618,HDFC BANK,2023-12-19 18:33:25.617334,EXPRESS TOWERS NARIMAN POINT      Maharashtra  India,BANK OF AMERICA
14,Y10517644,90389574,ICICI BANK LTD.,1992-06-01,1992-09-04,1999-09-30,100000000,L65920MH1994PLC080618,HDFC BANK,2023-12-19 18:33:25.617334,163 BACKBAY RECLAMATION       Maharashtra  India,ICICI BANK
15,Y10511709,90383763,SYNDICATE BANK,1988-03-29,,1999-09-30,650000,L65920MH1994PLC080618,HDFC BANK,2023-12-19 18:33:25.617334,LAMINGTON ROAD BRANCH       Goa  India,SYNDICATE BANK
16,Y10511738,90383792,BANK OF MAHARASHTRA,1990-04-24,,1999-09-30,6371000,L65920MH1994PLC080618,HDFC BANK,2023-12-19 18:33:25.617334,VILE PARLE BRANCH       Maharashtra  India,BANK OF MAHARASHTRA
17,Y10517505,90389435,PUNJAB NATIONAL BANK,1980-05-27,1995-03-09,1999-09-30,4000000,L65920MH1994PLC080618,HDFC BANK,2023-12-19 18:33:25.617334,CUFFE PARADE       Maharashtra  India,PUNJAB NATIONAL BANK
18,Y10517515,90389445,ICICI BANK LTD.,1982-12-31,,1999-09-30,5000000,L65920MH1994PLC080618,HDFC BANK,2023-12-19 18:33:25.617334,163 BACKBAY RECLAMATION       Maharashtra  India,ICICI BANK
19,AA4700806,100046147,IDBI TRUSTEESHIP SERVICES LIMITED,2016-08-05,2020-06-02,2023-08-30,30000000000,L65920MH1994PLC080618,HDFC BANK,2023-12-19 18:33:25.617334,"Asian Building, Ground Floor, 17, R. Kamani Marg, Ballard Estate      Maharashtra 400001 India",IDBI TRUSTEESHIP SERVICES
20,AA4698755,100084323,IDBI TRUSTEESHIP SERVICES LIMITED,2017-02-06,2022-09-12,2023-08-30,15250000000,L65920MH1994PLC080618,HDFC BANK,2023-12-19 18:33:25.617334,Asian Building Ground Floor 17 R. Kamani Marg Ballard Estate   Town Hall (Mumbai) Mumbai Mumbai Maharashtra 400001 India,IDBI TRUSTEESHIP SERVICES
21,AA4697327,100210918,IDBI TRUSTEESHIP SERVICES LIMITED,2018-09-25,2021-01-25,2023-08-30,221880000000,L65920MH1994PLC080618,HDFC BANK,2023-12-19 18:33:25.617334,"Asian Building., Ground Floor, 17, R. Kamani Marg, Ballard Estate,      Maharashtra 400001 India",IDBI TRUSTEESHIP SERVICES
22,AA4675953,100367089,IDBI TRUSTEESHIP SERVICES LIMITED,2020-08-05,,2023-08-30,36930000000,L65920MH1994PLC080618,HDFC BANK,2023-12-19 18:33:25.617334,"Asian Building, Ground Floor, 17, R. Kamani Marg, Ballard Estate,      Maharashtra 400001 India",IDBI TRUSTEESHIP SERVICES
23,AA4706113,10485866,IDBI TRUSTEESHIP SERVICES LIMITED,2014-03-12,2019-11-21,2023-08-30,19850000000,L65920MH1994PLC080618,HDFC BANK,2023-12-19 18:33:25.617334,"Asian Building, Ground Floor, 17, R.Kamani Marg, Ballard Estate,      Maharashtra 400001 India",IDBI TRUSTEESHIP SERVICES
24,AA4705695,10543564,IDBI TRUSTEESHIP SERVICES LIMITED,2014-12-24,2020-08-31,2023-08-30,18500000000,L65920MH1994PLC080618,HDFC BANK,2023-12-19 18:33:25.617334,"Asian Building, Ground Floor, 17, R.Kamani Marg, Ballard Estate,      Maharashtra 400001 India",IDBI TRUSTEESHIP SERVICES
25,Y10511529,90383587,THE CANARA INDSUTRIAL BANKING SYNDICATE LTD.,1961-06-22,,1999-09-30,350000,L65920MH1994PLC080618,HDFC BANK,2023-12-19 18:33:25.617334,BANGALORE       Karnataka  India,CANARA INDSUTRIAL BANKING SYNDICATE
26,Y10511551,90383608,THE CANARA INDUSTRIAL BANKING SYNDICATE LTD.,1962-01-22,,1999-09-30,363032,L65920MH1994PLC080618,HDFC BANK,2023-12-19 18:33:25.617334,53 GANDHINAGAR       Karnataka  India,CANARA INDUSTRIAL BANKING SYNDICATE
27,Y10511564,90383621,STATE BANK OF HYDERABAD,1991-04-19,1992-10-15,1999-09-30,500000,L65920MH1994PLC080618,HDFC BANK,2023-12-19 18:33:25.617334,HUMNABAD BRANCH       Karnataka  India,STATE BANK OF HYDERABAD
28,Y10511650,90383704,THE SARASWAT CO- OP. BANK LTD.,1984-07-25,,1999-09-30,175000,L65920MH1994PLC080618,HDFC BANK,2023-12-19 18:33:25.617334,A.K. NAYAK MARG       Maharashtra  India,SARASWAT CO OP BANK
29,Y10517669,90389599,INDUSTRIAL DEVELOPMENT BANK OF INDIA,1993-08-16,,1999-09-30,20000000,L65920MH1994PLC080618,HDFC BANK,2023-12-19 18:33:25.617334,IDBI TOWER CUFFE PARADE COLOBA      Maharashtra  India,INDUSTRIAL DEVELOPMENT BANK OF INDIA
30,Y10517647,90389577,ORIENTAL BANK OF COMMERCE,1992-08-10,,1999-09-30,6747223,L65920MH1994PLC080618,HDFC BANK,2023-12-19 18:33:25.617334,DR. V.B. GANDHI MARG FORT      Maharashtra  India,ORIENTAL BANK OF COMMERCE
31,Y10517648,90389578,BANK OF BARODA,1992-10-23,1997-06-28,1999-09-30,30000000,L65920MH1994PLC080618,HDFC BANK,2023-12-19 18:33:25.617334,BALLARD ESTATE       Maharashtra  India,BANK OF BARODA
32,Y10517650,90389580,SMALL INDUSTRIES DEVELOPMENT BANK OF INDIA,1992-12-17,1993-05-17,1999-09-30,20000000,L65920MH1994PLC080618,HDFC BANK,2023-12-19 18:33:25.617334,22 STATION ROAD       Uttar Pradesh  India,SMALL INDUSTRIES DEVELOPMENT BANK OF INDIA
33,Y10517651,90389581,THE INDUSTRIAL CREDIT & INVESTMENT CORPORATION OF INDIA LTD.,1993-01-29,,1999-09-30,4008027,L65920MH1994PLC080618,HDFC BANK,2023-12-19 18:33:25.617334,163 BACKBAY RECLAMATION       Maharashtra  India,INDUSTRIAL CREDIT AND INVESTMENT CORPORATION OF INDIA
34,Y10517653,90389583,SMALL INDUSTRIES DEVELOPMENT BANK OF INDIA,1993-02-26,,1999-09-30,2228000,L65920MH1994PLC080618,HDFC BANK,2023-12-19 18:33:25.617334,22 STATION ROAD       Uttar Pradesh  India,SMALL INDUSTRIES DEVELOPMENT BANK OF INDIA
35,Y10517659,90389589,SMALL INDUSTRIES DEVELOPMENT BANK OF INDIA,1993-03-26,,1999-09-30,50000000,L65920MH1994PLC080618,HDFC BANK,2023-12-19 18:33:25.617334,22 STATION ROAD       Uttar Pradesh  India,SMALL INDUSTRIES DEVELOPMENT BANK OF INDIA
36,Y10517660,90389590,THE UNIT TRUST OF INDIA,1993-04-16,1996-09-12,1999-09-30,25000000,L65920MH1994PLC080618,HDFC BANK,2023-12-19 18:33:25.617334,NEW MARINE LINES       Maharashtra  India,UNIT TRUST OF INDIA
37,Y10517663,90389593,SOCIETE GENERALE,1993-05-20,1993-09-24,1999-09-30,30000000,L65920MH1994PLC080618,HDFC BANK,2023-12-19 18:33:25.617334,MAKER CHAMBERS NARIMAN POINT      Maharashtra  India,SOCIETE GENERALE
38,Y10517665,90389595,STANDARD CHARTERED BANK,1993-06-24,,1999-09-30,2191002,L65920MH1994PLC080618,HDFC BANK,2023-12-19 18:33:25.617334,FORT       Maharashtra  India,STANDARD CHARTERED BANK
39,Y10517666,90389596,THE ICICI BANK LTD.,1993-07-16,,1999-09-30,2200000,L65920MH1994PLC080618,HDFC BANK,2023-12-19 18:33:25.617334,163 BACKBAY RECLAMATION       Maharashtra  India,ICICI BANK
40,Y10517667,90389597,INDUSTRIAL RECONSTRUCTION BANK,1993-07-24,,1999-09-30,60000000,L65920MH1994PLC080618,HDFC BANK,2023-12-19 18:33:25.617334,19 NETAJI SUBHAS ROAD       West Bengal  India,INDUSTRIAL RECONSTRUCTION BANK
41,Y10517670,90389600,SMALL INDUSTRIES DEVELOPMENT BANK OF INDIA,1993-09-08,1993-12-31,1999-09-30,100000000,L65920MH1994PLC080618,HDFC BANK,2023-12-19 18:33:25.617334,22 STATION ROAD       Uttar Pradesh  India,SMALL INDUSTRIES DEVELOPMENT BANK OF INDIA
42,Y10517677,90389607,CENTRAL BANK OF INDIA,1993-12-06,,1999-09-30,504320000,L65920MH1994PLC080618,HDFC BANK,2023-12-19 18:33:25.617334,51 M.G. ROAD FORT      Maharashtra  India,CENTRAL BANK OF INDIA
43,Y10517678,90389608,ORIENTAL BANK OF COMMERCE,1994-01-07,,1999-09-30,1702349,L65920MH1994PLC080618,HDFC BANK,2023-12-19 18:33:25.617334,M.G. ROAD       Maharashtra  India,ORIENTAL BANK OF COMMERCE
44,Y10517680,90389610,THE FEDERAL BANK LTD.,1994-01-19,,1999-09-30,40000000,L65920MH1994PLC080618,HDFC BANK,2023-12-19 18:33:25.617334,DADAR EAST       Maharashtra  India,FEDERAL BANK
45,Y10517682,90389612,BANK OF BAORDA,1994-02-01,,1999-09-30,15500000,L65920MH1994PLC080618,HDFC BANK,2023-12-19 18:33:25.617334,NARIMAN POINT       Maharashtra  India,BANK OF BAORDA
46,Y10517685,90389615,ORIENTAL BANK OF COMMERCE,1994-04-12,1995-08-21,1999-09-30,30000000,L65920MH1994PLC080618,HDFC BANK,2023-12-19 18:33:25.617334,1 DR. V.B. GANDHI MARG FORT      Maharashtra  India,ORIENTAL BANK OF COMMERCE
47,Y10517688,90389618,CREDIT LYONNAIS,1994-07-12,,1999-09-30,30000000,L65920MH1994PLC080618,HDFC BANK,2023-12-19 18:33:25.617334,SCINDIA HOUSE BALLARD ESTATE      Maharashtra  India,CREDIT LYONNAIS
48,Y10517689,90389619,BANK OF AMERICA,1994-09-01,,1999-09-30,67500000,L65920MH1994PLC080618,HDFC BANK,2023-12-19 18:33:25.617334,NARIMAN POINT       Maharashtra  India,BANK OF AMERICA
49,Y10517690,90389620,STATE BANK OF TRAVANCORE,1994-09-05,,1999-09-30,50000000,L65920MH1994PLC080618,HDFC BANK,2023-12-19 18:33:25.617334,125 M.G. ROAD FORT      Maharashtra  India,STATE BANK OF TRAVANCORE
50,Y10517694,90389624,SMALL INDUSTRIES DEVELOPMENT BANK OF INDIA,1994-10-31,1995-01-25,1999-09-30,100000000,L65920MH1994PLC080618,HDFC BANK,2023-12-19 18:33:25.617334,22 STATION ROAD       Uttar Pradesh  India,SMALL INDUSTRIES DEVELOPMENT BANK OF INDIA
51,Y10517695,90389625,STATE BANK OF INDIA,1994-11-09,,1999-09-30,21344000,L65920MH1994PLC080618,HDFC BANK,2023-12-19 18:33:25.617334,JUSTICE G.N. VAIDYA MARG       Maharashtra  India,STATE BANK OF INDIA
52,Y10517696,90389626,ASIAN DEVELOPMENT BANK,1994-12-07,1995-08-28,1999-09-30,627700000,L65920MH1994PLC080618,HDFC BANK,2023-12-19 18:33:25.617334,150 MANDALUYONG METRO MANILS         Philippines,ASIAN DEVELOPMENT BANK
53,Y10517699,90389629,THE FEDERAL BANK LTD.,1995-03-13,,1999-09-30,67500000,L65920MH1994PLC080618,HDFC BANK,2023-12-19 18:33:25.617334,SWAMY GYAN JIWANDAS MARG DADAR EAST      Maharashtra  India,FEDERAL BANK
54,Y10517706,90389636,SMALL INDUSTRIES DEVELOPMENT BANK OF INDIA,1996-01-16,1996-03-29,1999-09-30,200000000,L65920MH1994PLC080618,HDFC BANK,2023-12-19 18:33:25.617334,6TH & TH FLOOR 22 STATION ROAD      Uttar Pradesh  India,SMALL INDUSTRIES DEVELOPMENT BANK OF INDIA
55,Y10517707,90389637,SIDBI LTD.,1996-03-15,1996-11-15,1999-09-30,150000000,L65920MH1994PLC080618,HDFC BANK,2023-12-19 18:33:25.617334,10/10 MADAN MOHAN MALVIYA MARG       Uttar Pradesh  India,SIDBI
56,Y10517708,90389638,SIDBI BANK LTD.,1996-05-15,1996-12-31,1999-09-30,150000000,L65920MH1994PLC080618,HDFC BANK,2023-12-19 18:33:25.617334,10/10 MADAN MOHAN MALVIYA MARG       Uttar Pradesh  India,SIDBI BANK
57,Y10517711,90389641,THE BANK OF NOVA SCOTIA,1996-09-29,,1999-09-30,200000000,L65920MH1994PLC080618,HDFC BANK,2023-12-19 18:33:25.617334,NARIMAN POINT       Maharashtra  India,BANK OF NOVA SCOTIA
58,Y10517520,90389450,CANARA BANK,1983-12-03,,1999-09-30,2500000,L65920MH1994PLC080618,HDFC BANK,2023-12-19 18:33:25.617334,REGENT CHAMBERS NARIMAN POINT      Maharashtra  India,CANARA BANK
59,Y10517522,90389452,BANK OF BARODA,1984-04-16,,1999-09-30,5000000,L65920MH1994PLC080618,HDFC BANK,2023-12-19 18:33:25.617334,NARIMAN POINT       Maharashtra  India,BANK OF BARODA
60,Y10517523,90389453,THE HONGKONG & SHANGHAI BANKING CORPORATION,1984-05-14,,1999-09-30,670000,L65920MH1994PLC080618,HDFC BANK,2023-12-19 18:33:25.617334,M.G. ROAD       Maharashtra  India,HONGKONG AND SHANGHAI BANKING CORPORATION
61,Y10517525,90389455,THE CHARTERED BANK,1984-07-30,,1999-09-30,5579800,L65920MH1994PLC080618,HDFC BANK,2023-12-19 18:33:25.617334,23-25 M.G. ROAD       Maharashtra  India,CHARTERED BANK
62,Y10517526,90389456,STANDARD CHARTERED BANK,1984-09-05,1995-09-15,1999-09-30,20000000,L65920MH1994PLC080618,HDFC BANK,2023-12-19 18:33:25.617334,23-25 M.G. ROAD FORT      Maharashtra  India,STANDARD CHARTERED BANK
63,Y10517527,90389457,THE HONGKONG & SHANGHAI BANKING CORPORATION,1984-10-24,,1999-09-30,3603546,L65920MH1994PLC080618,HDFC BANK,2023-12-19 18:33:25.617334,HONGKONG BANK BUILDING M.G. ROAD      Maharashtra  India,HONGKONG AND SHANGHAI BANKING CORPORATION
64,Y10517530,90389460,THE HONGKONG & SHANGHAI BANKING CORPORATION,1985-02-28,,1999-09-30,300000,L65920MH1994PLC080618,HDFC BANK,2023-12-19 18:33:25.617334,M.G. ROAD       Maharashtra  India,HONGKONG AND SHANGHAI BANKING CORPORATION
65,Y10517531,90389461,THE HONGKONG & SHANGHAI BANKING CORPORATION,1985-03-04,,1999-09-30,3030014,L65920MH1994PLC080618,HDFC BANK,2023-12-19 18:33:25.617334,M.G. ROAD       Maharashtra  India,HONGKONG AND SHANGHAI BANKING CORPORATION
66,Y10517533,90389463,THE BRITISH BANK OF THE MIDDLE EAST,1985-03-30,,1999-09-30,3600000,L65920MH1994PLC080618,HDFC BANK,2023-12-19 18:33:25.617334,14 VEER NARIMAN ROAD       Maharashtra  India,BRITISH BANK OF MIDDLE EAST
67,Y10517534,90389464,THE HONGKONG & SHANGHAI BANKING CORPORATION,1985-07-17,,1999-09-30,5000000,L65920MH1994PLC080618,HDFC BANK,2023-12-19 18:33:25.617334,M.G. ROAD       Maharashtra  India,HONGKONG AND SHANGHAI BANKING CORPORATION
68,Y10517535,90389465,BANK OF CREDIT & COMMERCE INTERNATIONAL LTD.,1985-11-16,,1999-09-30,3160000,L65920MH1994PLC080618,HDFC BANK,2023-12-19 18:33:25.617334,NARIMAN POINT       Maharashtra  India,BANK OF CREDIT AND COMMERCE INTERNATIONAL
69,Y10517538,90389468,BANK OF CREDIT & COMMERCE INTERNATIONAL LTD.,1985-12-07,,1999-09-30,5000000,L65920MH1994PLC080618,HDFC BANK,2023-12-19 18:33:25.617334,MAKER CHAMBERS- II NARIMAN POINT      Maharashtra  India,BANK OF CREDIT AND COMMERCE INTERNATIONAL
70,Y10517541,90389471,STANDARD CHARTERED BANK,1986-03-05,1991-09-06,1999-09-30,20000000,L65920MH1994PLC080618,HDFC BANK,2023-12-19 18:33:25.617334,23/25 M.G. ROAD       Maharashtra  India,STANDARD CHARTERED BANK
71,Y10517543,90389473,BANK OF AMERICA,1986-05-26,,1999-09-30,9614000,L65920MH1994PLC080618,HDFC BANK,2023-12-19 18:33:25.617334,EXPRESS TOWER NARIMAN POINT      Maharashtra  India,BANK OF AMERICA
72,Y10517544,90389474,CANARA BANK,1986-06-18,,1999-09-30,1500000,L65920MH1994PLC080618,HDFC BANK,2023-12-19 18:33:25.617334,NARIMAN POINT       Maharashtra  India,CANARA BANK
73,Y10517545,90389475,CANARA BANK,1986-07-22,1987-12-04,1999-09-30,40000000,L65920MH1994PLC080618,HDFC BANK,2023-12-19 18:33:25.617334,NARIMAN POINT       Maharashtra  India,CANARA BANK
74,Y10517546,90389476,ALGEMENE BANK NEDERLAND N.V.,1986-07-25,,1999-09-30,2040156,L65920MH1994PLC080618,HDFC BANK,2023-12-19 18:33:25.617334,14 VEER NARIMAN ROAD       Maharashtra  India,ALGEMENE BANK NEDERLAND NV
75,Y10517547,90389477,BANK OF BARODA,1986-08-26,,1999-09-30,30000000,L65920MH1994PLC080618,HDFC BANK,2023-12-19 18:33:25.617334,BALLARD ESTATE FORT      Maharashtra  India,BANK OF BARODA
76,Y10517551,90389481,AMERICAN EXPRESS INTERNATIONAL BANKING CORPORATION,1987-03-19,,1999-09-30,5000000,L65920MH1994PLC080618,HDFC BANK,2023-12-19 18:33:25.617334,DR. D.N. ROAD       Maharashtra  India,AMERICAN EXPRESS INTERNATIONAL BANKING CORPORATION
77,Y10517553,90389483,BANK OF BARODA,1987-06-05,1991-04-12,1999-09-30,15000000,L65920MH1994PLC080618,HDFC BANK,2023-12-19 18:33:25.617334,BALLARD ESTATE       Maharashtra  India,BANK OF BARODA
78,Y10517556,90389486,ORIENTAL BANK OF COMMERCE,1987-12-02,,1999-09-30,13500000,L65920MH1994PLC080618,HDFC BANK,2023-12-19 18:33:25.617334,GANDHI MARG       Maharashtra  India,ORIENTAL BANK OF COMMERCE
79,Y10517558,90389488,BANK OF BARODA,1987-12-12,,1999-09-30,10000000,L65920MH1994PLC080618,HDFC BANK,2023-12-19 18:33:25.617334,NARIMAN POINT       Maharashtra  India,BANK OF BARODA
80,Y10517559,90389489,ORIENTAL BANK OF COMMERCE,1988-01-08,,1999-09-30,3457000,L65920MH1994PLC080618,HDFC BANK,2023-12-19 18:33:25.617334,DR. V.B. GANDHI MARG       Maharashtra  India,ORIENTAL BANK OF COMMERCE
81,Y10517561,90389491,ALGEMENE BANK NEDERLAND N.V.,1988-02-02,,1999-09-30,1030000,L65920MH1994PLC080618,HDFC BANK,2023-12-19 18:33:25.617334,14 VEER NARIMAN POINT       Maharashtra  India,ALGEMENE BANK NEDERLAND NV
82,Y10517564,90389494,STANDARD CHARTERED BANK,1988-03-03,1992-06-03,1999-09-30,20000000,L65920MH1994PLC080618,HDFC BANK,2023-12-19 18:33:25.617334,23/25 M.G. ROAD       Maharashtra  India,STANDARD CHARTERED BANK
83,Y10517566,90389496,ORIENTAL BANK OF COMMERCE,1988-03-08,,1999-09-30,1750876,L65920MH1994PLC080618,HDFC BANK,2023-12-19 18:33:25.617334,V.B. GANDHI MARG       Maharashtra  India,ORIENTAL BANK OF COMMERCE
84,Y10517573,90389503,ALGENENE BANK NIDERLANDS N.V.,1988-08-29,,1999-09-30,825000,L65920MH1994PLC080618,HDFC BANK,2023-12-19 18:33:25.617334,14 VEER NARIMAN ROAD       Maharashtra  India,ALGENENE BANK NIDERLANDS NV
85,Y10517574,90389504,ALGEMENE BANK NIDERLAND N.V.,1988-09-06,,1999-09-30,4618500,L65920MH1994PLC080618,HDFC BANK,2023-12-19 18:33:25.617334,14 VEER NARIMAN ROAD       Maharashtra  India,ALGEMENE BANK NIDERLAND NV
86,Y10517577,90389507,OMAN INTERNATIONAL BANK LTD.,1988-10-31,,1999-09-30,5000000,L65920MH1994PLC080618,HDFC BANK,2023-12-19 18:33:25.617334,NARIMAN POINT       Maharashtra  India,OMAN INTERNATIONAL BANK
87,Y10517580,90389510,INDUSTRIAL FINANCE CORPORATION OF INDIA,1988-12-28,,1999-09-30,5000000,L65920MH1994PLC080618,HDFC BANK,2023-12-19 18:33:25.617334,BANK OF BARODA BUILDING 16 SANSAD MARG      Delhi  India,INDUSTRIAL FINANCE CORPORATION OF INDIA
88,Y10517582,90389512,INDUSTRIAL FINANCE CORPORATION OF INDIA,1989-01-17,,1999-09-30,5000000,L65920MH1994PLC080618,HDFC BANK,2023-12-19 18:33:25.617334,BANK OF BARODA BUILDING 16 SANSAD MARG      Delhi  India,INDUSTRIAL FINANCE CORPORATION OF INDIA
89,Y10517585,90389515,ALGENENCE BANK FO NEDERLAND,1989-02-28,,1999-09-30,3259500,L65920MH1994PLC080618,HDFC BANK,2023-12-19 18:33:25.617334,14 VEER NARIMAN POINT       Maharashtra  India,ALGENENCE BANK FO NEDERLAND
90,Y10517586,90389516,ALGEMEVE BANK,1989-03-07,,1999-09-30,1305000,L65920MH1994PLC080618,HDFC BANK,2023-12-19 18:33:25.617334,14 VEER NARIMAN ROAD       Maharashtra  India,ALGEMEVE BANK
91,Y10517587,90389517,THE M.T.R. BANK LTD.,1989-03-09,1997-02-28,1999-09-30,21500000,L65920MH1994PLC080618,HDFC BANK,2023-12-19 18:33:25.617334,MITTAL COURT NARIMAN POINT      Maharashtra  India,MTR BANK
92,Y10517592,90389522,ORIENTAL BANK OF COMMERCE,1989-06-06,,1999-09-30,162450,L65920MH1994PLC080618,HDFC BANK,2023-12-19 18:33:25.617334,M.G. ROAD       Maharashtra  India,ORIENTAL BANK OF COMMERCE
93,Y10517593,90389523,STATE BANK OF INDIA,1989-06-09,1991-05-03,1999-09-30,70000000,L65920MH1994PLC080618,HDFC BANK,2023-12-19 18:33:25.617334,JUSTICE G.N. VAIDYA MARG       Maharashtra  India,STATE BANK OF INDIA
94,Y10517594,90389524,BANK OF BARODA,1989-06-12,,1999-09-30,7500000,L65920MH1994PLC080618,HDFC BANK,2023-12-19 18:33:25.617334,NARIMAN POINT       Maharashtra  India,BANK OF BARODA
95,Y10517597,90389527,THE SAKURA BANK LTD.,1989-08-05,1996-09-16,1999-09-30,21500000,L65920MH1994PLC080618,HDFC BANK,2023-12-19 18:33:25.617334,MITTAL COURT NARIMAN POINT      Maharashtra  India,SAKURA BANK
96,Y10517598,90389528,ORIENTAL BANK OF COMMERCE,1989-08-16,,1999-09-30,137225,L65920MH1994PLC080618,HDFC BANK,2023-12-19 18:33:25.617334,M.G. ROAD       Maharashtra  India,ORIENTAL BANK OF COMMERCE
97,Y10517601,90389531,HDFC BANK LTD.,1989-09-29,,1999-09-30,10000000,L65920MH1994PLC080618,HDFC BANK,2023-12-19 18:33:25.617334,169 BACKBAY RECLAMATION       Maharashtra  India,HDFC BANK
98,Y10517604,90389534,ALGEMENE BANK NEDERLAND,1989-10-24,,1999-09-30,2275000,L65920MH1994PLC080618,HDFC BANK,2023-12-19 18:33:25.617334,14 VEER NARIMAN ROAD       Maharashtra  India,ALGEMENE BANK NEDERLAND
99,Y10517606,90389536,CANARA BANK,1989-11-23,1994-06-10,1999-09-30,80000000,L65920MH1994PLC080618,HDFC BANK,2023-12-19 18:33:25.617334,NARIMAN POINT BRANCH       Maharashtra  India,CANARA BANK
100,Y10517607,90389537,CANARA BANK,1989-11-25,1992-06-23,1999-09-30,80000000,L65920MH1994PLC080618,HDFC BANK,2023-12-19 18:33:25.617334,NARIMAN POINT BRANCH       Maharashtra  India,CANARA BANK
101,Y10517610,90389540,ORIENTAL BANK OF COMMERCE,1990-03-03,,1999-09-30,2136778,L65920MH1994PLC080618,HDFC BANK,2023-12-19 18:33:25.617334,M.G. ROAD       Maharashtra  India,ORIENTAL BANK OF COMMERCE
102,Y10517611,90389541,INDUSTRIAL DEVELOPMENT BANK OF INDIA,1990-03-26,1990-10-29,1999-09-30,75000000,L65920MH1994PLC080618,HDFC BANK,2023-12-19 18:33:25.617334,CUFFE PARADE       Maharashtra  India,INDUSTRIAL DEVELOPMENT BANK OF INDIA
103,Y10517613,90389543,UNIT TRUST BANK OF INDIA,1990-06-26,1990-08-20,1999-09-30,20000000,L65920MH1994PLC080618,HDFC BANK,2023-12-19 18:33:25.617334,13 SIR V.B. MARG NEW MARINE LINES      Maharashtra  India,UNIT TRUST BANK OF INDIA
104,Y10517615,90389545,ICICI BANK LTD.,1990-09-03,,1999-09-30,50000000,L65920MH1994PLC080618,HDFC BANK,2023-12-19 18:33:25.617334,163 BACKBAY RECLAMATION       Maharashtra  India,ICICI BANK
105,Y10517618,90389548,UNIT TRUST BANK OF INDIA,1990-11-26,1991-03-05,1999-09-30,25000000,L65920MH1994PLC080618,HDFC BANK,2023-12-19 18:33:25.617334,NEW MARINE LINES       Maharashtra  India,UNIT TRUST BANK OF INDIA
106,Y10517621,90389551,INDUSTRIAL FINANCE CORPORATION OF INDIA LTD.,1991-01-24,,1999-09-30,4992000,L65920MH1994PLC080618,HDFC BANK,2023-12-19 18:33:25.617334,16 SANSAD MARG       Delhi  India,INDUSTRIAL FINANCE CORPORATION OF INDIA
107,Y10517622,90389552,INDUSTRIAL FINANCE CORPORATION OF INDIA LTD.,1991-02-11,,1999-09-30,5600000,L65920MH1994PLC080618,HDFC BANK,2023-12-19 18:33:25.617334,16 SANSAD MARG       Delhi  India,INDUSTRIAL FINANCE CORPORATION OF INDIA
108,Y10517623,90389553,INDUSTRIAL FINANCE CORPORATION OF INDIA LTD.,1991-03-08,,1999-09-30,9585000,L65920MH1994PLC080618,HDFC BANK,2023-12-19 18:33:25.617334,16 SANSAD MARG       Delhi  India,INDUSTRIAL FINANCE CORPORATION OF INDIA
109,Y10517627,90389557,BANK OF BARODA,1991-04-25,,1999-09-30,20000000,L65920MH1994PLC080618,HDFC BANK,2023-12-19 18:33:25.617334,NARIMAN POINT BRANCH       Maharashtra  India,BANK OF BARODA
110,Y10517629,90389559,THE UNIT TRUST OF INDIA,1991-06-26,1992-01-10,1999-09-30,100000000,L65920MH1994PLC080618,HDFC BANK,2023-12-19 18:33:25.617334,NEW MARINE LINES       Maharashtra  India,UNIT TRUST OF INDIA
111,Y10517631,90389561,THE INDUSTRIAL RECONSTRUCTION BANK OF INDIA,1991-07-26,1991-08-28,1999-09-30,60000000,L65920MH1994PLC080618,HDFC BANK,2023-12-19 18:33:25.617334,19 NETAJI SUBAHS ROAD       West Bengal  India,INDUSTRIAL RECONSTRUCTION BANK OF INDIA
112,Y10517633,90389563,ORIENTAL BANK OF COMMERCE,1991-09-25,,1999-09-30,2382879,L65920MH1994PLC080618,HDFC BANK,2023-12-19 18:33:25.617334,M.G. ROAD       Maharashtra  India,ORIENTAL BANK OF COMMERCE
113,Y10517635,90389565,STANDARD CHARTERED BANK',1991-12-02,,1999-09-30,2831346,L65920MH1994PLC080618,HDFC BANK,2023-12-19 18:33:25.617334,M.G. ROAD       Maharashtra  India,STANDARD CHARTERED BANK'
114,Y10517636,90389566,IDBI BANK LTD.,1992-01-16,1992-03-03,1999-09-30,100000000,L65920MH1994PLC080618,HDFC BANK,2023-12-19 18:33:25.617334,IDBI TOWER CUFFE PARADE      Maharashtra  India,IDBI BANK
115,Y10517637,90389567,STANDARD CHARTERED BANK,1992-01-17,,1999-09-30,2201755,L65920MH1994PLC080618,HDFC BANK,2023-12-19 18:33:25.617334,M.G. ROAD       Maharashtra  India,STANDARD CHARTERED BANK
116,Y10517639,90389569,THE FEDERAL BANK LTD.,1992-02-28,,1999-09-30,25000000,L65920MH1994PLC080618,HDFC BANK,2023-12-19 18:33:25.617334,DADAR       Maharashtra  India,FEDERAL BANK
117,Y10517640,90389570,BANK OF BAHARIN & KUWAIT,1992-03-09,,1999-09-30,20000000,L65920MH1994PLC080618,HDFC BANK,2023-12-19 18:33:25.617334,JOLLY MAKER CHAMBERS- II 225 NARIMAN POINT      Maharashtra  India,BANK OF BAHARIN AND KUWAIT
118,Y10517646,90389576,ICICI BANK LTD.,1992-07-27,,1999-09-30,5574932,L65920MH1994PLC080618,HDFC BANK,2023-12-19 18:33:25.617334,163 BACKBAY RECLAMATION       Maharashtra  India,ICICI BANK
119,Y10511672,90383726,THE MAHARASHTRA STATE FINANCIAL CORPORATION,1986-03-03,,1999-09-30,378000,L65920MH1994PLC080618,HDFC BANK,2023-12-19 18:33:25.617334,A.K. NAYAK MARG FORT      Maharashtra  India,MAHARASHTRA STATE FINANCIAL CORPORATION
120,Y10511677,90383731,BANK OF MAHARASHTRA,1986-07-03,,1999-09-30,1770000,L65920MH1994PLC080618,HDFC BANK,2023-12-19 18:33:25.617334,INDUSTRIAL FINANCE BRANCH       Maharashtra  India,BANK OF MAHARASHTRA
121,Y10511678,90383732,INDIAN OVERSEAS BANK,1986-08-01,,1999-09-30,200000,L65920MH1994PLC080618,HDFC BANK,2023-12-19 18:33:25.617334,151 MOUNT ROAD       Tamil Nadu  India,INDIAN OVERSEAS BANK
122,Y10511683,90383737,STATE BANK OF INDIA,1986-11-10,2004-03-23,2005-09-30,1650000,L65920MH1994PLC080618,HDFC BANK,2023-12-19 18:33:25.617334,BASSEIN TALUKA INDUSTRIAL ESTATE BRANCH VASAI EAST      Maharashtra  India,STATE BANK OF INDIA
123,Y10511684,90383738,THE HONGKONG & SHANGHAI BANKING CORPORATION,1986-11-21,,1999-09-30,200000,L65920MH1994PLC080618,HDFC BANK,2023-12-19 18:33:25.617334,52/60 M.G. ROAD       Maharashtra  India,HONGKONG AND SHANGHAI BANKING CORPORATION
124,Y10511686,90383740,CANARA BANK,1986-12-01,,1999-09-30,228560,L65920MH1994PLC080618,HDFC BANK,2023-12-19 18:33:25.617334,CUNNINGHAM ROAD       Karnataka  India,CANARA BANK
125,Y10511687,90383741,THE SARASWAT CO- OP. BANK LTD.,1986-12-03,1991-04-27,1999-09-30,300000,L65920MH1994PLC080618,HDFC BANK,2023-12-19 18:33:25.617334,A.K. NAYAK MARG FORT      Maharashtra  India,SARASWAT CO OP BANK
126,Y10511688,90383742,CANARA BANK,1986-12-20,,1999-09-30,1200000,L65920MH1994PLC080618,HDFC BANK,2023-12-19 18:33:25.617334,RAMDAIPETH       Maharashtra  India,CANARA BANK
127,Y10511690,90383744,STATE BANK OF MYSORE,1987-01-30,,1999-09-30,5000000,L65920MH1994PLC080618,HDFC BANK,2023-12-19 18:33:25.617334,HMT INDUSTRIAL ESTATE BRANCH       Karnataka  India,STATE BANK OF MYSORE
128,Y10511691,90383745,CANARA BANK,1987-02-11,,1999-09-30,125000,L65920MH1994PLC080618,HDFC BANK,2023-12-19 18:33:25.617334,BANGALORE       Karnataka  India,CANARA BANK
129,Y10511693,90383747,KARNATAKA STATE INDUSTRIAL INVESTMENT & DEVELOP CORP. LTD.,1987-03-05,1989-03-07,1999-09-30,9000000,L65920MH1994PLC080618,HDFC BANK,2023-12-19 18:33:25.617334,NO. 36 CUNNINGHAM ROAD       Karnataka  India,KARNATAKA STATE INDUSTRIAL INVESTMENT AND DEVELOP CORP
130,Y10511694,90383748,THE SARASWAT CO- OP. BANK LTD.,1987-03-17,,1999-09-30,80000,L65920MH1994PLC080618,HDFC BANK,2023-12-19 18:33:25.617334,A.K. NAYAK MARG       Maharashtra  India,SARASWAT CO OP BANK
131,Y10511697,90383751,THE MEMON CO- OP. BANK LTD.,1987-07-09,,1999-09-30,414000,L65920MH1994PLC080618,HDFC BANK,2023-12-19 18:33:25.617334,38 MOHMEDALI ROAD       Maharashtra  India,MEMON CO OP BANK
132,Y10511702,90383756,BANK OF INDIA,1987-10-10,1989-09-20,1999-09-30,3335000,L65920MH1994PLC080618,HDFC BANK,2023-12-19 18:33:25.617334,MUMBAI       Maharashtra  India,BANK OF INDIA
133,Y10511704,90383758,INDIAN OVERSEAS BANK,1987-10-19,1995-12-01,1999-09-30,2000000,L65920MH1994PLC080618,HDFC BANK,2023-12-19 18:33:25.617334,FORT       Maharashtra  India,INDIAN OVERSEAS BANK
134,Y10511717,90383771,BANK OF MAHARASHTRA,1988-08-12,,1999-09-30,950000,L65920MH1994PLC080618,HDFC BANK,2023-12-19 18:33:25.617334,VILE PARLE BRANCH       Maharashtra  India,BANK OF MAHARASHTRA
135,Y10511718,90383772,BANK OF BARODA,1988-08-19,,1999-09-30,1130000,L65920MH1994PLC080618,HDFC BANK,2023-12-19 18:33:25.617334,BHILAD       Gujarat  India,BANK OF BARODA
136,Y10511721,90383775,INDIAN BANK,1988-11-03,1990-04-12,1999-09-30,1861000,L65920MH1994PLC080618,HDFC BANK,2023-12-19 18:33:25.617334,MALAD WEST       Maharashtra  India,INDIAN BANK
137,Y10511723,90383777,BANK OF MAHARASHTRA,1988-11-28,,1999-09-30,1181000,L65920MH1994PLC080618,HDFC BANK,2023-12-19 18:33:25.617334,VILE PARLE BRANCH       Maharashtra  India,BANK OF MAHARASHTRA
138,Y10511724,90383778,THE MEMON CO- OP. BANK LTD.,1988-12-02,,1999-09-30,400000,L65920MH1994PLC080618,HDFC BANK,2023-12-19 18:33:25.617334,38 MOHMEDALI ROAD       Maharashtra  India,MEMON CO OP BANK
139,Y10511725,90383779,BANK OF BARODA,1988-12-23,,1999-09-30,859000,L65920MH1994PLC080618,HDFC BANK,2023-12-19 18:33:25.617334,IND. ESTATE BRANCH       Gujarat  India,BANK OF BARODA
140,Y10511726,90383780,BANK OF BARODA,1989-02-16,,1999-09-30,45500,L65920MH1994PLC080618,HDFC BANK,2023-12-19 18:33:25.617334,IND. ESTATE BRANCH       Gujarat  India,BANK OF BARODA
141,Y10511727,90383781,INDIAN BANK,1989-04-08,,1999-09-30,1750000,L65920MH1994PLC080618,HDFC BANK,2023-12-19 18:33:25.617334,110 UNITED MANSION M.G. ROAD      Karnataka  India,INDIAN BANK
142,Y10511728,90383782,THE MEMON CO- OP. BANK LTD.,1989-06-07,,1999-09-30,67000,L65920MH1994PLC080618,HDFC BANK,2023-12-19 18:33:25.617334,38 MOHMEDALI ROAD       Maharashtra  India,MEMON CO OP BANK
143,Y10511729,90383783,STATE BANK OF MYSORE,1989-07-05,,1999-09-30,3500000,L65920MH1994PLC080618,HDFC BANK,2023-12-19 18:33:25.617334,HMT INDUSTRIAL ESTATE BRANCH       Karnataka  India,STATE BANK OF MYSORE
144,Y10511730,90383784,STATE BANK OF MYSORE,1989-07-18,,1999-09-30,1500000,L65920MH1994PLC080618,HDFC BANK,2023-12-19 18:33:25.617334,HMT INDUSTRIAL ESTATE BRANCH       Karnataka  India,STATE BANK OF MYSORE
145,Y10511735,90383789,STATE BANK OF MYSORE,1990-03-10,,1999-09-30,186700,L65920MH1994PLC080618,HDFC BANK,2023-12-19 18:33:25.617334,HMT INDUSTRIAL ESTATE BRANCH       Karnataka  India,STATE BANK OF MYSORE
146,Y10511740,90383794,BANK OF INDIA,1990-08-13,1995-07-13,1999-09-30,500000,L65920MH1994PLC080618,HDFC BANK,2023-12-19 18:33:25.617334,56 MILL ROAD       Maharashtra  India,BANK OF INDIA
147,Y10511741,90383795,CENTRAL BANK OF INDIA,1990-12-19,,1999-09-30,12030000,L65920MH1994PLC080618,HDFC BANK,2023-12-19 18:33:25.617334,M.G. ROAD FORT      Maharashtra  India,CENTRAL BANK OF INDIA
148,Y10511749,90383803,VIJAYA BANK,1991-07-20,,1999-09-30,11500000,L65920MH1994PLC080618,HDFC BANK,2023-12-19 18:33:25.617334,MAYO MALL BRANCH       Karnataka  India,VIJAYA BANK
149,Y10511751,90383805,UNION BANK OF INDIA,1991-11-11,,1999-09-30,2500000,L65920MH1994PLC080618,HDFC BANK,2023-12-19 18:33:25.617334,MAIN BRANCH       Uttar Pradesh  India,UNION BANK OF INDIA
150,Y10511753,90383807,CENTRAL BANK OF INDIA,1991-11-27,,1999-09-30,12030000,L65920MH1994PLC080618,HDFC BANK,2023-12-19 18:33:25.617334,M.G. ROAD FORT      Maharashtra  India,CENTRAL BANK OF INDIA
151,Y10511758,90383812,STATE BANK OF INDIA,1992-09-25,1994-12-09,1999-09-30,144000,L65920MH1994PLC080618,HDFC BANK,2023-12-19 18:33:25.617334,KUMARA PARK       Karnataka  India,STATE BANK OF INDIA
152,Y10511761,90383815,KARNATAKA STATE FINANCIAL CORPORATION,1993-02-28,,1999-09-30,4075000,L65920MH1994PLC080618,HDFC BANK,2023-12-19 18:33:25.617334,BANGALORE       Karnataka  India,KARNATAKA STATE FINANCIAL CORPORATION
153,Y10511767,90383821,STATE BANK OF MYSORE,1993-07-14,,1999-09-30,4500000,L65920MH1994PLC080618,HDFC BANK,2023-12-19 18:33:25.617334,HMT INDUSTRIAL ESTATE BRANCH       Karnataka  India,STATE BANK OF MYSORE
154,Y10511774,90383828,THE VYSYA BANK LTD.,1994-02-07,,1999-09-30,5000000,L65920MH1994PLC080618,HDFC BANK,2023-12-19 18:33:25.617334,NO. 315 MAIN BAZAR       Karnataka  India,VYSYA BANK
155,Y10511776,90383830,BANK OF MAHARASHTRA,1994-03-24,,1999-09-30,3350000,L65920MH1994PLC080618,HDFC BANK,2023-12-19 18:33:25.617334,VILE PARLE BRANCH       Maharashtra  India,BANK OF MAHARASHTRA
156,Y10511779,90383833,CO- OP. BANK OF AHMEDABAD LTD.,1994-05-10,,1999-09-30,1500000,L65920MH1994PLC080618,HDFC BANK,2023-12-19 18:33:25.617334,323/325 NARSHI NATHA STREET       Maharashtra  India,CO OP BANK OF AHMEDABAD
157,Y10511780,90383834,BANK OF MAHARASHTRA,1994-07-15,,1999-09-30,434000,L65920MH1994PLC080618,HDFC BANK,2023-12-19 18:33:25.617334,VILE PARLE BRANCH       Maharashtra  India,BANK OF MAHARASHTRA
158,Y10511782,90383836,BANK OF MAHARASHTRA,1994-09-28,,1999-09-30,443200,L65920MH1994PLC080618,HDFC BANK,2023-12-19 18:33:25.617334,VILE PARLE BRANCH       Maharashtra  India,BANK OF MAHARASHTRA
159,Y10511783,90383837,KARNATAKA BANK LTD.,1994-10-01,1997-03-14,1999-09-30,24500000,L65920MH1994PLC080618,HDFC BANK,2023-12-19 18:33:25.617334,294 HARON HOUSE       Maharashtra  India,KARNATAKA BANK
160,Y10511790,90383844,STATE BANK OF MYSORE,1994-12-14,1995-06-14,1999-09-30,1100000,L65920MH1994PLC080618,HDFC BANK,2023-12-19 18:33:25.617334,J.C. ROAD       Karnataka  India,STATE BANK OF MYSORE
161,Y10511792,90383846,KARNATAKA STATE FINANCIAL CORPORATION,1995-01-09,,1999-09-30,2000000,L65920MH1994PLC080618,HDFC BANK,2023-12-19 18:33:25.617334,M.G. ROAD       Karnataka  India,KARNATAKA STATE FINANCIAL CORPORATION
162,Y10511793,90383847,INDIAN BANK,1995-01-24,1995-03-14,1999-09-30,4000000,L65920MH1994PLC080618,HDFC BANK,2023-12-19 18:33:25.617334,M.G. ROAD       Karnataka  India,INDIAN BANK
163,Y10511799,90383853,STATE BANK OF INDIA,1995-11-22,,1999-09-30,30000000,L65920MH1994PLC080618,HDFC BANK,2023-12-19 18:33:25.617334,GOREGAON       Maharashtra  India,STATE BANK OF INDIA
164,Y10511800,90383854,GUJARAT STATE FINANCIAL CORPORATION,1996-02-15,1986-03-29,1999-09-30,2605000,L65920MH1994PLC080618,HDFC BANK,2023-12-19 18:33:25.617334,JALDARSHAN BUILDING ASHRAM ROAD      Gujarat  India,GUJARAT STATE FINANCIAL CORPORATION
165,Y10511804,90383858,BANK OF INDIA,1996-07-16,,1999-09-30,273800,L65920MH1994PLC080618,HDFC BANK,2023-12-19 18:33:25.617334,70- 80 M.G. ROAD       Maharashtra  India,BANK OF INDIA
166,Y10511812,90383866,BANK OF MAHARASHTRA,1997-07-03,,1999-09-30,1800000,L65920MH1994PLC080618,HDFC BANK,2023-12-19 18:33:25.617334,VILE PARLE BRANCH       Maharashtra  India,BANK OF MAHARASHTRA
167,Y10511818,90383872,BANK OF MAHARASHTRA,1998-02-23,,1999-09-30,2000000,L65920MH1994PLC080618,HDFC BANK,2023-12-19 18:33:25.617334,IGATPURI BRANCH       Maharashtra  India,BANK OF MAHARASHTRA
168,Y10511820,90383874,DEVELOPMENT CREDIT BANK LTD.,1998-04-24,,1999-09-30,400000,L65920MH1994PLC080618,HDFC BANK,2023-12-19 18:33:25.617334,MUMBAI       Maharashtra  India,DEVELOPMENT CREDIT BANK
169,Y10511825,90383879,BANK OF INDIA,1999-03-09,2000-08-28,2005-09-30,950000000,L65920MH1994PLC080618,HDFC BANK,2023-12-19 18:33:25.617334,BALLARD ESTATE BRANCH       Maharashtra  India,BANK OF INDIA
170,Y10511827,90383881,BANK OF INDIA,1999-04-06,2003-04-09,2005-09-30,9500000,L65920MH1994PLC080618,HDFC BANK,2023-12-19 18:33:25.617334,BALLARD ESTATE       Maharashtra  India,BANK OF INDIA
171,Y10511830,90383884,CANARA BANK,1999-12-04,2001-08-31,2005-09-30,1500000,L65920MH1994PLC080618,HDFC BANK,2023-12-19 18:33:25.617334,BANGALORE       Karnataka  India,CANARA BANK
172,Y10511843,90383897,CITI BANK N.A.,2001-10-05,,2005-09-30,25000000,L65920MH1994PLC080618,HDFC BANK,2023-12-19 18:33:25.617334,30 M.G. ROAD       Karnataka  India,CITI BANK NA
173,Y10511845,90383899,HDFC BANK LTD.,2002-11-26,,2005-09-30,1039000,L65920MH1994PLC080618,HDFC BANK,2023-12-19 18:33:25.617334,SANDOZ HOUSE       Maharashtra  India,HDFC BANK
174,Y10517514,90389444,ORIENTAL BANK OF COMMERCE,1982-09-09,,1999-09-30,352528,L65920MH1994PLC080618,HDFC BANK,2023-12-19 18:33:25.617334,DR. V.B. GANDHI MARG       Maharashtra  India,ORIENTAL BANK OF COMMERCE
175,Y10517516,90389446,EUROPEAN ASIAN BANK,1983-03-07,,1999-09-30,2500000,L65920MH1994PLC080618,HDFC BANK,2023-12-19 18:33:25.617334,212 NARIMAN POINT       Maharashtra  India,EUROPEAN ASIAN BANK
176,Y10517517,90389447,ICICI BANK LTD.,1983-03-24,,1999-09-30,7500000,L65920MH1994PLC080618,HDFC BANK,2023-12-19 18:33:25.617334,163 BACKBAY RECLAMATION       Maharashtra  India,ICICI BANK
177,Y10517518,90389448,STATE BANK OF INDIA,1983-05-12,,1999-09-30,2500000,L65920MH1994PLC080618,HDFC BANK,2023-12-19 18:33:25.617334,COMMERCIAL BRANCH       Maharashtra  India,STATE BANK OF INDIA
178,Y10517519,90389449,HONGKONG & SHANGHAI BANKING CORPORATION,1983-11-29,,1999-09-30,1085614,L65920MH1994PLC080618,HDFC BANK,2023-12-19 18:33:25.617334,M.G. ROAD       Maharashtra  India,HONGKONG AND SHANGHAI BANKING CORPORATION
179,Y10253361,90153591,INDIAN RENEWABLE ENERGY DEVELOPMENT AGENCY LIMITED,1999-04-13,,2005-09-30,25700000,L65920MH1994PLC080618,HDFC BANK,2023-12-19 18:33:25.617334,1ST FLOOR; INDIA HABITAT CENTRE LODHI ROAD      Delhi 110003 India,INDIAN RENEWABLE ENERGY DEVELOPMENT AGENCY
180,Y10511530,90383588,STATE BANK OF MYSORE,1963-05-01,,1999-09-30,80000,L65920MH1994PLC080618,HDFC BANK,2023-12-19 18:33:25.617334,BANGALORE       Karnataka  India,STATE BANK OF MYSORE
181,Y10511531,90383589,THE NEW INDIA ASSURANCE COMPANY LTD.,1964-04-29,,1999-09-30,100000,L65920MH1994PLC080618,HDFC BANK,2023-12-19 18:33:25.617334,MUMBAI       Maharashtra  India,NEW INDIA ASSURANCE COMPANY
182,Y10511532,90383590,THE NEW INDIA ASSURANCE COMPANY LTD.,1965-04-15,,1999-09-30,200000,L65920MH1994PLC080618,HDFC BANK,2023-12-19 18:33:25.617334,MUMBAI       Maharashtra  India,NEW INDIA ASSURANCE COMPANY
183,Y10511533,90383591,THE CENTRAL BANK OF INDIA LTD.,1966-09-08,,1999-09-30,500000,L65920MH1994PLC080618,HDFC BANK,2023-12-19 18:33:25.617334,KEMPEGOWDS ROAD       Karnataka  India,CENTRAL BANK OF INDIA
184,Y10511535,90383593,KARNATAKA STATE FINANCIAL CORPORATION,1984-05-30,,1999-09-30,2910000,L65920MH1994PLC080618,HDFC BANK,2023-12-19 18:33:25.617334,25 M.G. ROAD       Karnataka  India,KARNATAKA STATE FINANCIAL CORPORATION
185,Y10511537,90383595,NEW BANK OF INDIA,1990-09-08,,1999-09-30,700000,L65920MH1994PLC080618,HDFC BANK,2023-12-19 18:33:25.617334,MUMBAI       Maharashtra  India,NEW BANK OF INDIA
186,Y10511546,90383603,THE CANARA INDUSTRIAL BANKING SYNDICATE LTD.,1961-08-30,,1999-09-30,350000,L65920MH1994PLC080618,HDFC BANK,2023-12-19 18:33:25.617334,BANGALORE       Karnataka  India,CANARA INDUSTRIAL BANKING SYNDICATE
187,Y10511547,90383604,THE CANARA INDUSTRIAL BANKING SYNDICATE LTD.,1961-10-04,,1999-09-30,291655,L65920MH1994PLC080618,HDFC BANK,2023-12-19 18:33:25.617334,BANGALORE       Karnataka  India,CANARA INDUSTRIAL BANKING SYNDICATE
188,Y10511556,90383613,THE CANARA INDUSTRIAL BANKING SYNDICATE LTD.,1962-09-22,,1999-09-30,186000,L65920MH1994PLC080618,HDFC BANK,2023-12-19 18:33:25.617334,53 GANDHINAGAR       Karnataka  India,CANARA INDUSTRIAL BANKING SYNDICATE
189,Y10511559,90383616,KARNATAKA BANK LTD.,1972-05-17,,1999-09-30,500000,L65920MH1994PLC080618,HDFC BANK,2023-12-19 18:33:25.617334,GAVALRY ROAD BRANCH       Karnataka  India,KARNATAKA BANK
190,Y10511563,90383620,KARNATAKA STATE FINANCIAL CORPORATION,1990-11-29,,1999-09-30,4500000,L65920MH1994PLC080618,HDFC BANK,2023-12-19 18:33:25.617334,M.G. ROAD       Karnataka  India,KARNATAKA STATE FINANCIAL CORPORATION
191,Y10511565,90383622,KARNATAKA STATE FINANCIAL CORPORATION,1991-07-18,,1999-09-30,1820000,L65920MH1994PLC080618,HDFC BANK,2023-12-19 18:33:25.617334,NO. 25 M.G. ROAD       Karnataka  India,KARNATAKA STATE FINANCIAL CORPORATION
192,Y10511566,90383623,KARNATAKA STATE FINANCIAL CORPORATION,1991-11-13,,1999-09-30,878000,L65920MH1994PLC080618,HDFC BANK,2023-12-19 18:33:25.617334,M.G. ROAD       Karnataka  India,KARNATAKA STATE FINANCIAL CORPORATION
193,Y10511567,90383624,KARNATAKA STATE FINANCIAL CORPORATION,1992-02-17,,1999-09-30,2320000,L65920MH1994PLC080618,HDFC BANK,2023-12-19 18:33:25.617334,M.G. ROAD       Karnataka  India,KARNATAKA STATE FINANCIAL CORPORATION
194,Y10511568,90383625,KARNATAKA STATE FINANCIAL CORPORATION,1993-01-16,,1999-09-30,511000,L65920MH1994PLC080618,HDFC BANK,2023-12-19 18:33:25.617334,M.G. ROAD       Karnataka  India,KARNATAKA STATE FINANCIAL CORPORATION
195,Y10511582,90383637,KARNATAKA STATE INDUSTRIAL INVESTMENT & DEVELOP. CORP. LTD.,1987-03-05,,1999-09-30,9000000,L65920MH1994PLC080618,HDFC BANK,2023-12-19 18:33:25.617334,CUNNINGHAM ROAD       Karnataka  India,KARNATAKA STATE INDUSTRIAL INVESTMENT AND DEVELOP CORP
196,Y10511585,90383639,THE VIJAYA BANK LTD.,1973-12-24,,1999-09-30,100000,L65920MH1994PLC080618,HDFC BANK,2023-12-19 18:33:25.617334,SANTHEPET       Karnataka  India,VIJAYA BANK
197,Y10511592,90383646,UNITED COMMERCIAL BANK,1978-01-07,1984-12-30,1999-09-30,150000,L65920MH1994PLC080618,HDFC BANK,2023-12-19 18:33:25.617334,13/22 K.G. ROAD       Karnataka  India,UNITED COMMERCIAL BANK
198,Y10511593,90383647,KARNATAKA STATE FINANCIAL CORPORATION,1978-03-17,1993-02-27,1999-09-30,3000000,L65920MH1994PLC080618,HDFC BANK,2023-12-19 18:33:25.617334,25 M.G. ROAD       Karnataka  India,KARNATAKA STATE FINANCIAL CORPORATION
199,Y10511598,90383652,CANARA BANK,1978-07-16,,1999-09-30,11200,L65920MH1994PLC080618,HDFC BANK,2023-12-19 18:33:25.617334,MEGADI ROAD BRANCH       Karnataka  India,CANARA BANK
200,Y10511600,90383654,CANARA BANK,1979-03-16,,1999-09-30,139000,L65920MH1994PLC080618,HDFC BANK,2023-12-19 18:33:25.617334,CHEMBUR       Maharashtra  India,CANARA BANK
201,Y10511602,90383656,KARNATAKA STATE FINANCIAL CORPORATION,1979-05-02,,1999-09-30,840000,L65920MH1994PLC080618,HDFC BANK,2023-12-19 18:33:25.617334,M.G. ROAD       Karnataka  India,KARNATAKA STATE FINANCIAL CORPORATION
202,Y10511603,90383657,UNITED COMMERCIAL BANK,1979-08-09,1984-12-30,1999-09-30,300000,L65920MH1994PLC080618,HDFC BANK,2023-12-19 18:33:25.617334,149/2 KORAMAUGALA CANTT. HOSUR ROAD      Karnataka  India,UNITED COMMERCIAL BANK
203,Y10511604,90383658,KARNATAKA STATE INDUSTRIAL INVESTMENT & DEVELOPMENT CORPORAT,1979-09-06,,1999-09-30,3000000,L65920MH1994PLC080618,HDFC BANK,2023-12-19 18:33:25.617334,BANGALORE       Karnataka  India,KARNATAKA STATE INDUSTRIAL INVESTMENT AND DEVELOPMENT CORPORAT
204,Y10511608,90383662,INDIAN OVERSEAS BANK,1980-02-28,1985-02-11,1999-09-30,2360000,L65920MH1994PLC080618,HDFC BANK,2023-12-19 18:33:25.617334,KARAMADAL       Karnataka  India,INDIAN OVERSEAS BANK
205,Y10511611,90383665,STATE BANK OF MYSORE,1980-08-05,,1999-09-30,125000,L65920MH1994PLC080618,HDFC BANK,2023-12-19 18:33:25.617334,HMT INDUSTRIAL ESTATE BRANCH       Karnataka  India,STATE BANK OF MYSORE
206,Y10511613,90383667,UNITED COMMERCIAL BANK,1980-10-29,1985-02-14,1999-09-30,135000,L65920MH1994PLC080618,HDFC BANK,2023-12-19 18:33:25.617334,KHADE BAZAR       Karnataka  India,UNITED COMMERCIAL BANK
207,Y10511614,90383668,GUJARAT STATE FINANCIAL CORPORATION,1980-11-04,1985-09-19,1999-09-30,1011000,L65920MH1994PLC080618,HDFC BANK,2023-12-19 18:33:25.617334,JALDARSHAN BUILDING ASHRAM ROAD      Gujarat  India,GUJARAT STATE FINANCIAL CORPORATION
208,Y10511615,90383669,STATE BANK OF MYSORE,1980-11-27,1981-12-04,1999-09-30,750000,L65920MH1994PLC080618,HDFC BANK,2023-12-19 18:33:25.617334,J.C. ROAD       Karnataka  India,STATE BANK OF MYSORE
209,Y10511616,90383670,CANARA BANK,1980-12-01,,1999-09-30,180000,L65920MH1994PLC080618,HDFC BANK,2023-12-19 18:33:25.617334,K.G. ROAD       Karnataka  India,CANARA BANK
210,Y10511619,90383673,CANARA BANK,1981-01-03,1988-10-03,1999-09-30,150000,L65920MH1994PLC080618,HDFC BANK,2023-12-19 18:33:25.617334,BANGALORE       Karnataka  India,CANARA BANK
211,Y10511620,90383674,GUJARAT STATE FINANCIAL CORPORATION,1981-01-17,1983-11-23,1999-09-30,1936000,L65920MH1994PLC080618,HDFC BANK,2023-12-19 18:33:25.617334,JALDARSHAN BLDG. ASHRAM ROAD      Gujarat  India,GUJARAT STATE FINANCIAL CORPORATION
212,Y10511621,90383675,UNITED COMMERCIAL BANK,1981-01-20,,1999-09-30,220000,L65920MH1994PLC080618,HDFC BANK,2023-12-19 18:33:25.617334,BELGAUM       Karnataka  India,UNITED COMMERCIAL BANK
213,Y10511623,90383677,SYNDICATE BANK,1981-02-07,,1999-09-30,200000,L65920MH1994PLC080618,HDFC BANK,2023-12-19 18:33:25.617334,MARGAO BRANCH       Maharashtra  India,SYNDICATE BANK
214,Y10511625,90383679,UNION BANK OF INDIA,1981-06-05,1983-04-05,1999-09-30,250000,L65920MH1994PLC080618,HDFC BANK,2023-12-19 18:33:25.617334,MUMBAI       Maharashtra  India,UNION BANK OF INDIA
215,Y10511630,90383684,STATE BANK OF MYSORE,1981-10-22,,1999-09-30,500000,L65920MH1994PLC080618,HDFC BANK,2023-12-19 18:33:25.617334,HMT INDUSTRIAL ESTATE BRANCH       Karnataka  India,STATE BANK OF MYSORE
216,Y10511632,90383686,KARNATAKA STATE FINANCIAL CORPORATION,1982-05-27,,1999-09-30,3000000,L65920MH1994PLC080618,HDFC BANK,2023-12-19 18:33:25.617334,25 M.G. ROAD       Karnataka  India,KARNATAKA STATE FINANCIAL CORPORATION
217,Y10511635,90383689,STATE BANK OF MYSORE,1982-12-04,,1999-09-30,600000,L65920MH1994PLC080618,HDFC BANK,2023-12-19 18:33:25.617334,J.C. ROAD       Karnataka  India,STATE BANK OF MYSORE
218,Y10511636,90383690,BANK OF MAHARASHTRA,1983-01-07,,1999-09-30,1961000,L65920MH1994PLC080618,HDFC BANK,2023-12-19 18:33:25.617334,VILE PARLE BRANCH       Maharashtra  India,BANK OF MAHARASHTRA
219,Y10511637,90383691,STATE BANK OF MAHARASHTRA,1983-01-11,1995-01-25,1999-09-30,925000,L65920MH1994PLC080618,HDFC BANK,2023-12-19 18:33:25.617334,VILE PARLE BRANCH       Maharashtra  India,STATE BANK OF MAHARASHTRA
220,Y10511642,90383696,THE BANK OF MADURA LTD.,1983-10-31,,1999-09-30,75000,L65920MH1994PLC080618,HDFC BANK,2023-12-19 18:33:25.617334,334 AVENUE ROAD       Karnataka  India,BANK OF MADURA
221,Y10511644,90383698,THE STATE INDUSTRIAL & IVNESTMENT CORPORATION OF MAHARASHTRA,1984-01-08,,1999-09-30,4500000,L65920MH1994PLC080618,HDFC BANK,2023-12-19 18:33:25.617334,NIRMAL NARIMAN POINT      Maharashtra  India,STATE INDUSTRIAL AND IVNESTMENT CORPORATION OF MAHARASHTRA
222,Y10511645,90383699,STATE BANK OF MYSORE,1984-01-11,,1999-09-30,242000,L65920MH1994PLC080618,HDFC BANK,2023-12-19 18:33:25.617334,HMT INDUSTRIAL ESTATE BRANCH       Karnataka  India,STATE BANK OF MYSORE
223,Y10511647,90383701,KARNATAKA STATE FINANCIAL CORPORATION,1984-04-18,1984-09-14,1999-09-30,126000,L65920MH1994PLC080618,HDFC BANK,2023-12-19 18:33:25.617334,36 CUNNINGHAM ROAD       Karnataka  India,KARNATAKA STATE FINANCIAL CORPORATION
224,Y10511651,90383705,STATE BANK OF INDIA,1984-07-28,,1999-09-30,800000,L65920MH1994PLC080618,HDFC BANK,2023-12-19 18:33:25.617334,KUMARA PARK       Karnataka  India,STATE BANK OF INDIA
225,Y10511652,90383706,THE SARASWAT CO- OP. BANK LTD.,1984-08-06,,1999-09-30,160000,L65920MH1994PLC080618,HDFC BANK,2023-12-19 18:33:25.617334,A.K. NAYAK MARG       Maharashtra  India,SARASWAT CO OP BANK
226,Y10511653,90383707,THE SARASWAT CO- OP. BANK LTD.,1984-09-06,1987-12-07,1999-09-30,160000,L65920MH1994PLC080618,HDFC BANK,2023-12-19 18:33:25.617334,A.K. NAYAK MARG       Maharashtra  India,SARASWAT CO OP BANK
227,Y10511656,90383710,CANARA BANK,1984-12-08,1987-08-19,1999-09-30,250000,L65920MH1994PLC080618,HDFC BANK,2023-12-19 18:33:25.617334,BANGALORE       Karnataka  India,CANARA BANK
228,Y10511664,90383718,BANK OF INDIA,1985-04-29,1989-12-24,1999-09-30,2450000,L65920MH1994PLC080618,HDFC BANK,2023-12-19 18:33:25.617334,BALLARD ESTATE BRANCH       Maharashtra  India,BANK OF INDIA
229,Y10511665,90383719,SYNDICATE BANK,1985-05-06,1988-03-29,1999-09-30,350000,L65920MH1994PLC080618,HDFC BANK,2023-12-19 18:33:25.617334,MARGAO BRANCH       Goa  India,SYNDICATE BANK
230,Y10511666,90383720,KARNATAKA STATE FINANCIAL CORPORATION,1985-06-06,,1999-09-30,82000,L65920MH1994PLC080618,HDFC BANK,2023-12-19 18:33:25.617334,25 N.G. ROAD       Karnataka  India,KARNATAKA STATE FINANCIAL CORPORATION
231,Y10511671,90383725,GUJARAT STATE FINANCIAL CORPORATION,1986-02-15,,1999-09-30,2605000,L65920MH1994PLC080618,HDFC BANK,2023-12-19 18:33:25.617334,JALDARSHAN BUILDING ASHRAM ROAD      Gujarat  India,GUJARAT STATE FINANCIAL CORPORATION
232,AA4706322,10157687,IDBI TRUSTEESHIP SERVICES LIMITED,2009-04-09,2016-01-08,2023-08-30,10000000000,L65920MH1994PLC080618,HDFC BANK,2023-12-19 18:33:25.617334,"Asian Bldg., Ground Floor, 17, R.Kamani Marg, Ballard Estate,      Maharashtra 400001 India",IDBI TRUSTEESHIP SERVICES
233,Y10321683,90219118,CENTRAL BANK OF INDIA,1999-10-25,,,500000000,L65920MH1994PLC080618,HDFC BANK,2023-12-19 18:33:25.617334,JEHANGIR WADIA BUILDING 51; M. G. ROAD      Maharashtra 400023 India,CENTRAL BANK OF INDIA
234,Y10511534,90383592,THE NEW INDIA ASSURANCE COMPANY LTD.,1968-07-30,,1999-09-30,280000,L65920MH1994PLC080618,HDFC BANK,2023-12-19 18:33:25.617334,BANGALORE       Karnataka  India,NEW INDIA ASSURANCE COMPANY
235,Y10511536,90383594,DIRECTOR OF INDUSTRIES & COMMERCE GOVT. FO KARNATAKA,1985-08-01,,1999-09-30,544000,L65920MH1994PLC080618,HDFC BANK,2023-12-19 18:33:25.617334,NRUPATHUNGA ROAD       Karnataka  India,DIRECTOR OF INDUSTRIES AND COMMERCE GOVT FO KARNATAKA
236,Y10511539,90383597,BANK OF BARODA,1996-05-23,,1999-09-30,56500000,L65920MH1994PLC080618,HDFC BANK,2023-12-19 18:33:25.617334,IND. ESTATE       Gujarat  India,BANK OF BARODA
237,Y10511542,90383599,THE BANK OF MYSORE LTD.,1959-09-17,,1999-09-30,3500000,L65920MH1994PLC080618,HDFC BANK,2023-12-19 18:33:25.617334,BANGALORE       Karnataka  India,BANK OF MYSORE
238,Y10511543,90383600,THE CANARA INDUSTRIAL & BANKING SYNDICATE LTD.,1961-05-17,,1999-09-30,379000,L65920MH1994PLC080618,HDFC BANK,2023-12-19 18:33:25.617334,BANGALORE       Karnataka  India,CANARA INDUSTRIAL AND BANKING SYNDICATE
239,Y10511544,90383601,THE CANARA INDUSTRIAL BANKING CORPORATION LTD.,1961-06-22,,1999-09-30,349412,L65920MH1994PLC080618,HDFC BANK,2023-12-19 18:33:25.617334,BANGALORE       Karnataka  India,CANARA INDUSTRIAL BANKING CORPORATION
240,Y10511545,90383602,THE CANARA INDUSTRIAL BANKING SYNDICATE LTD.,1961-07-22,,1999-09-30,292562,L65920MH1994PLC080618,HDFC BANK,2023-12-19 18:33:25.617334,BANGALORE       Karnataka  India,CANARA INDUSTRIAL BANKING SYNDICATE
241,Y10511548,90383605,THE CANARA INDUSTRIAL BANKING SYNDICATE LTD.,1961-11-04,,1999-09-30,213624,L65920MH1994PLC080618,HDFC BANK,2023-12-19 18:33:25.617334,BANGALORE       Karnataka  India,CANARA INDUSTRIAL BANKING SYNDICATE
242,Y10511549,90383606,THE CANARA INDUSTRIAL BANKING SYNDICATE LTD.,1961-11-18,,1999-09-30,500000,L65920MH1994PLC080618,HDFC BANK,2023-12-19 18:33:25.617334,53 GANDHINAGAR       Karnataka  India,CANARA INDUSTRIAL BANKING SYNDICATE
243,Y10511550,90383607,THE CANARA INDUSTRIAL BANKING SYNDICATE LTD.,1961-11-22,,1999-09-30,241556,L65920MH1994PLC080618,HDFC BANK,2023-12-19 18:33:25.617334,53 GANDHINAGAR       Karnataka  India,CANARA INDUSTRIAL BANKING SYNDICATE
244,Y10511552,90383609,THE CANARA INDUSTRIAL BANKING SYNDICATE LTD.,1962-02-16,,1999-09-03,303000,L65920MH1994PLC080618,HDFC BANK,2023-12-19 18:33:25.617334,53 GANDHINAGAR       Karnataka  India,CANARA INDUSTRIAL BANKING SYNDICATE
245,Y10511553,90383610,THE CANARA INDUSTRIAL BANKING SYNDICATE LTD.,1962-03-29,,1999-09-30,414000,L65920MH1994PLC080618,HDFC BANK,2023-12-19 18:33:25.617334,53 GANDHINAGAR       Karnataka  India,CANARA INDUSTRIAL BANKING SYNDICATE
246,Y10511554,90383611,THE CANARA INDUSTRIAL BANKING SYNDICATE LTD.,1962-06-19,,1999-09-30,400000,L65920MH1994PLC080618,HDFC BANK,2023-12-19 18:33:25.617334,53 GANDHINAGAR       Karnataka  India,CANARA INDUSTRIAL BANKING SYNDICATE
247,Y10511555,90383612,THE CANARA INDUSTRIAL BANKING SYNDICATE LTD.,1962-08-08,,1999-09-30,326000,L65920MH1994PLC080618,HDFC BANK,2023-12-19 18:33:25.617334,53 GANDHINAGAR       Karnataka  India,CANARA INDUSTRIAL BANKING SYNDICATE
248,Y10511557,90383614,STATE BANK OF MYSORE,1963-11-29,,1999-09-30,350000,L65920MH1994PLC080618,HDFC BANK,2023-12-19 18:33:25.617334,BANGALORE BRANCH       Karnataka  India,STATE BANK OF MYSORE
249,Y10511558,90383615,THE NATIONAL & GRINDLAYS BANK LTD.,1972-03-06,,1999-09-30,75000,L65920MH1994PLC080618,HDFC BANK,2023-12-19 18:33:25.617334,BANGALORE       Karnataka  India,NATIONAL AND GRINDLAYS BANK
250,Y10511560,90383617,STATE BANK OF MYSORE,1985-10-21,,1999-09-30,700000,L65920MH1994PLC080618,HDFC BANK,2023-12-19 18:33:25.617334,MARKET BRANCH       Karnataka  India,STATE BANK OF MYSORE
251,Y10511561,90383618,STATE BANK OF MYSORE,1985-11-09,,1999-09-30,800000,L65920MH1994PLC080618,HDFC BANK,2023-12-19 18:33:25.617334,MARKET BRANCH       Karnataka  India,STATE BANK OF MYSORE
252,Y10511562,90383619,STATE BANK OF INDORE,1990-03-16,,1999-09-30,10000000,L65920MH1994PLC080618,HDFC BANK,2023-12-19 18:33:25.617334,BANGALORE       Karnataka  India,STATE BANK OF INDORE
253,Y10511571,90383628,KARNATAKA STATE FINANCIAL CORPORATION,1995-08-07,,1999-09-30,3000000,L65920MH1994PLC080618,HDFC BANK,2023-12-19 18:33:25.617334,NO. 25 M.G. ROAD       Karnataka  India,KARNATAKA STATE FINANCIAL CORPORATION
254,Y10511576,90383633,HONGKONG & SHANGHAI BANKING CORPORATION LTD.,1998-07-20,,1999-09-30,40000000,L65920MH1994PLC080618,HDFC BANK,2023-12-19 18:33:25.617334,MANIPAL CENTRE DICKENSON ROAD       Karnataka  India,HONGKONG AND SHANGHAI BANKING CORPORATION
255,Y10511578,90383635,ABU OHRS COMMERCIAL BANK LTD.,2000-01-12,,2005-09-30,2500000,L65920MH1994PLC080618,HDFC BANK,2023-12-19 18:33:25.617334,INFANTRY ROAD       Karnataka  India,ABU OHRS COMMERCIAL BANK
256,Y10511579,90383636,THE VYSYA BANK LTD.,2001-04-11,,2005-09-30,285000,L65920MH1994PLC080618,HDFC BANK,2023-12-19 18:33:25.617334,HUNSUR BRANCH       Karnataka  India,VYSYA BANK
257,Y10511583,90383638,KARNATAKA STATE FINANCIAL CORPORATION,1989-03-03,,1999-09-30,1150000,L65920MH1994PLC080618,HDFC BANK,2023-12-19 18:33:25.617334,NO. 25 M.G. ROAD       Karnataka  India,KARNATAKA STATE FINANCIAL CORPORATION
258,Y10511595,90383649,DEVELOPMENT CREDIT BANK LTD.,1978-04-24,,1999-09-30,785000,L65920MH1994PLC080618,HDFC BANK,2023-12-19 18:33:25.617334,MUMBAI       Maharashtra  India,DEVELOPMENT CREDIT BANK
259,Y10511597,90383651,ANDHRA BANK,1978-06-29,1989-07-15,1999-09-30,2000000,L65920MH1994PLC080618,HDFC BANK,2023-12-19 18:33:25.617334,HOSPAT BRANCH       Karnataka  India,ANDHRA BANK
260,Y10511599,90383653,KARNATAKA STATE FINANCIAL CORPORATION,1979-02-07,,1999-09-30,830000,L65920MH1994PLC080618,HDFC BANK,2023-12-19 18:33:25.617334,25 M.G. ROAD       Karnataka  India,KARNATAKA STATE FINANCIAL CORPORATION
261,Y10511601,90383655,VIJAYA BANK LTD.,1979-03-21,,1999-09-30,500000,L65920MH1994PLC080618,HDFC BANK,2023-12-19 18:33:25.617334,M.G. ROAD       Karnataka  India,VIJAYA BANK
262,Y10511605,90383659,KARNATAKA STATE FINANCIAL CORPORATION,1980-01-08,,1999-09-30,765000,L65920MH1994PLC080618,HDFC BANK,2023-12-19 18:33:25.617334,25 M.G. ROAD       Karnataka  India,KARNATAKA STATE FINANCIAL CORPORATION
263,Y10511606,90383660,STATE BANK OF INDIA,1980-02-12,,1999-09-30,240000,L65920MH1994PLC080618,HDFC BANK,2023-12-19 18:33:25.617334,J.C. ROAD       Karnataka  India,STATE BANK OF INDIA
264,Y10511609,90383663,CENTRAL BANK OF INDIA,1980-04-23,,1999-09-30,50000,L65920MH1994PLC080618,HDFC BANK,2023-12-19 18:33:25.617334,PEENYA INDUSTRIAL AREA       Karnataka  India,CENTRAL BANK OF INDIA
265,Y10511610,90383664,UCO BANK,1980-07-15,,1999-09-30,2500000,L65920MH1994PLC080618,HDFC BANK,2023-12-19 18:33:25.617334,MUMBAI       Maharashtra  India,UCO BANK
266,Y10511612,90383666,STATE BANK OF MYSORE,1980-08-06,,1999-09-30,295000,L65920MH1994PLC080618,HDFC BANK,2023-12-19 18:33:25.617334,HMT INDUSTRIAL ESTATE BRANCH       Karnataka  India,STATE BANK OF MYSORE
267,Y10511617,90383671,CANARA BANK,1980-12-02,,1999-09-30,175000,L65920MH1994PLC080618,HDFC BANK,2023-12-19 18:33:25.617334,K.G. ROAD       Karnataka  India,CANARA BANK
268,Y10511618,90383672,SYNDICATE BANK,1980-12-17,1983-07-15,1999-09-30,300000,L65920MH1994PLC080618,HDFC BANK,2023-12-19 18:33:25.617334,RUSEEL MARKET BRANCH       Karnataka  India,SYNDICATE BANK
269,Y10511622,90383676,CANARA BANK,1981-02-03,1987-07-17,1999-09-30,150000,L65920MH1994PLC080618,HDFC BANK,2023-12-19 18:33:25.617334,BANGALORE       Karnataka  India,CANARA BANK
270,Y10511624,90383678,CANARA BANK,1981-02-17,1985-02-02,1999-09-30,400000,L65920MH1994PLC080618,HDFC BANK,2023-12-19 18:33:25.617334,CUNNINGHAM ROAD       Karnataka  India,CANARA BANK
271,Y10511627,90383681,KARNATAKA STATE FINANCIAL CORPORATION,1981-10-15,1983-12-06,1999-09-30,500000,L65920MH1994PLC080618,HDFC BANK,2023-12-19 18:33:25.617334,M.G. ROAD       Karnataka  India,KARNATAKA STATE FINANCIAL CORPORATION
272,Y10511631,90383685,BANK OF BARODA,1981-11-17,,1999-09-30,275000,L65920MH1994PLC080618,HDFC BANK,2023-12-19 18:33:25.617334,GOKHALE ROAD       Maharashtra  India,BANK OF BARODA
273,Y10511633,90383687,INDIAN BANK,1982-09-20,,1999-09-30,424600000,L65920MH1994PLC080618,HDFC BANK,2023-12-19 18:33:25.617334,MALAD WEST       Maharashtra  India,INDIAN BANK
274,Y10511634,90383688,BANK OF MADURA LTD.,1982-11-04,,1999-09-30,500000,L65920MH1994PLC080618,HDFC BANK,2023-12-19 18:33:25.617334,594 AVENUE ROAD       Karnataka  India,BANK OF MADURA
275,Y10511638,90383692,KARNATAKA STATE FINANCIAL CORPORATION,1983-03-17,1983-11-07,1999-09-30,3000000,L65920MH1994PLC080618,HDFC BANK,2023-12-19 18:33:25.617334,M.G. ROAD       Karnataka  India,KARNATAKA STATE FINANCIAL CORPORATION
276,Y10511639,90383693,ANDHRA BANK,1983-04-13,1987-04-02,1999-09-30,2500000,L65920MH1994PLC080618,HDFC BANK,2023-12-19 18:33:25.617334,HOSPAT BRANCH       Karnataka  India,ANDHRA BANK
277,Y10511640,90383694,CANARA BANK,1983-09-09,,1999-09-30,400000,L65920MH1994PLC080618,HDFC BANK,2023-12-19 18:33:25.617334,CANTONMENT BRANCH M.G. ROAD      Karnataka  India,CANARA BANK
278,Y10511641,90383695,KARNATAKA STATE FINANCIAL CORPORATION,1983-10-20,,1999-09-30,1300000,L65920MH1994PLC080618,HDFC BANK,2023-12-19 18:33:25.617334,36 CUNNINGHAM ROAD       Karnataka  India,KARNATAKA STATE FINANCIAL CORPORATION
279,Y10511643,90383697,THE SARASWAT CO- OP. BANK LTD.,1984-01-06,1984-09-27,1999-09-30,550000,L65920MH1994PLC080618,HDFC BANK,2023-12-19 18:33:25.617334,A.K. NAYAK MARG       Maharashtra  India,SARASWAT CO OP BANK
280,Y10511646,90383700,THE BANK OF KARAD LTD.,1984-01-23,,1999-09-30,800000,L65920MH1994PLC080618,HDFC BANK,2023-12-19 18:33:25.617334,AMBALAL LODHI MARG       Maharashtra  India,BANK OF KARAD
281,Y10511648,90383702,KARNATAKA STATE FINANCIAL CORPORATION,1984-06-04,,1999-09-30,1000000,L65920MH1994PLC080618,HDFC BANK,2023-12-19 18:33:25.617334,M.G. ROAD       Karnataka  India,KARNATAKA STATE FINANCIAL CORPORATION
282,Y10511649,90383703,KARNATAKA STATE FINANCIAL CORPORATION,1984-06-22,,1999-09-30,2100000,L65920MH1994PLC080618,HDFC BANK,2023-12-19 18:33:25.617334,M.G. ROAD       Karnataka  India,KARNATAKA STATE FINANCIAL CORPORATION
283,Y10511654,90383708,STATE BANK OF MYSORE,1984-10-22,,1999-09-30,300000,L65920MH1994PLC080618,HDFC BANK,2023-12-19 18:33:25.617334,HMT INDUSTRIAL ESTATE BRANCH       Karnataka  India,STATE BANK OF MYSORE
284,Y10511655,90383709,CANARA BANK,1984-12-01,1987-07-17,1999-09-30,230650,L65920MH1994PLC080618,HDFC BANK,2023-12-19 18:33:25.617334,BANGALORE       Karnataka  India,CANARA BANK
285,Y10511657,90383711,STATE BANK OF MAHARASHTRA,1985-01-03,,1999-09-30,518500,L65920MH1994PLC080618,HDFC BANK,2023-12-19 18:33:25.617334,VILE PARLE BRANCH       Maharashtra  India,STATE BANK OF MAHARASHTRA
286,Y10511658,90383712,STATE BANK OF MAHARASHTRA,1985-01-10,,1999-09-30,925000,L65920MH1994PLC080618,HDFC BANK,2023-12-19 18:33:25.617334,VILE PARLE BRANCH       Maharashtra  India,STATE BANK OF MAHARASHTRA
287,Y10511659,90383713,BANK OF MAHARASHTRA,1985-01-11,1994-03-10,1999-09-30,925000,L65920MH1994PLC080618,HDFC BANK,2023-12-19 18:33:25.617334,VILE PARLE BRANCH       Maharashtra  India,BANK OF MAHARASHTRA
288,Y10511660,90383714,INDIAN BANK,1985-01-24,,1999-09-30,4000000,L65920MH1994PLC080618,HDFC BANK,2023-12-19 18:33:25.617334,110 UNITED MANSION M.G. ROAD      Karnataka  India,INDIAN BANK
289,Y10511661,90383715,KARNATAKA STATE FINANCIAL CORPORATION,1985-02-19,,1999-09-30,3000000,L65920MH1994PLC080618,HDFC BANK,2023-12-19 18:33:25.617334,M.G. ROAD       Karnataka  India,KARNATAKA STATE FINANCIAL CORPORATION
290,Y10511663,90383717,STATE BANK OF MYSORE,1985-04-27,,1999-09-30,1300000,L65920MH1994PLC080618,HDFC BANK,2023-12-19 18:33:25.617334,HMT INDUSTRIAL ESTATE BRANCH       Karnataka  India,STATE BANK OF MYSORE
291,Y10511667,90383721,BANK OF INDIA,1985-08-07,,1999-09-30,1400000,L65920MH1994PLC080618,HDFC BANK,2023-12-19 18:33:25.617334,BHAGWAN BHAVAN       Uttar Pradesh  India,BANK OF INDIA
292,Y10511668,90383722,UNION BANK OF INDIA,1985-09-12,,1999-09-30,500000,L65920MH1994PLC080618,HDFC BANK,2023-12-19 18:33:25.617334,MUMBAI       Maharashtra  India,UNION BANK OF INDIA
293,Y10511669,90383723,STATE BANK OF MYSORE,1985-10-03,,1999-09-30,2500000,L65920MH1994PLC080618,HDFC BANK,2023-12-19 18:33:25.617334,HMT INDUSTRIAL ESTATE BRANCH       Karnataka  India,STATE BANK OF MYSORE
294,Y10511670,90383724,BANK OF INDIA,1986-01-31,,1999-09-30,900000,L65920MH1994PLC080618,HDFC BANK,2023-12-19 18:33:25.617334,56 MILL ROAD       Maharashtra  India,BANK OF INDIA
295,Y10511673,90383727,CENTRAL BANK OF INDIA,1986-03-22,,1999-09-30,217000,L65920MH1994PLC080618,HDFC BANK,2023-12-19 18:33:25.617334,M.G. ROAD FORT      Maharashtra  India,CENTRAL BANK OF INDIA
296,Y10511674,90383728,THE MAHARASHTRA STATE FINANCIAL CORPORATION,1986-05-08,,1999-09-30,72000,L65920MH1994PLC080618,HDFC BANK,2023-12-19 18:33:25.617334,A.K. NAYAK MARG FORT      Maharashtra  India,MAHARASHTRA STATE FINANCIAL CORPORATION
297,Y10511675,90383729,STATE BANK OF MYSORE,1986-05-14,1988-07-09,1999-09-30,400000,L65920MH1994PLC080618,HDFC BANK,2023-12-19 18:33:25.617334,HMT INDUSTRIAL ESTATE BRANCH       Karnataka  India,STATE BANK OF MYSORE
298,Y10511676,90383730,THE STATE INDUSTRIAL INVESTMENT CORPORATION OF MAHARSHTRA LT,1986-05-20,,1999-09-30,4500000,L65920MH1994PLC080618,HDFC BANK,2023-12-19 18:33:25.617334,NARIMAN POINT       Maharashtra  India,STATE INDUSTRIAL INVESTMENT CORPORATION OF MAHARSHTRA LT
299,Y10511679,90383733,NEW BANK OF INDIA,1986-08-18,1989-03-20,1999-09-30,450000,L65920MH1994PLC080618,HDFC BANK,2023-12-19 18:33:25.617334,WORLI SEA FACE BRANCH       Maharashtra  India,NEW BANK OF INDIA
300,Y10511680,90383734,INDIAN OVERSEAS BANK,1986-08-27,,1999-09-30,200000,L65920MH1994PLC080618,HDFC BANK,2023-12-19 18:33:25.617334,151 MOUNT ROAD       Tamil Nadu  India,INDIAN OVERSEAS BANK
301,Y10511681,90383735,CANARA BANK,1986-09-22,1987-07-17,1999-09-30,151130,L65920MH1994PLC080618,HDFC BANK,2023-12-19 18:33:25.617334,BANGALORE       Karnataka  India,CANARA BANK
302,Y10511682,90383736,CENTRAL BANK OF INDIA,1986-10-29,,1999-09-30,1200000,L65920MH1994PLC080618,HDFC BANK,2023-12-19 18:33:25.617334,M.G. ROAD FORT      Maharashtra  India,CENTRAL BANK OF INDIA
303,Y10511685,90383739,STATE BANK OF INDIA,1986-11-28,,1999-09-30,1025000,L65920MH1994PLC080618,HDFC BANK,2023-12-19 18:33:25.617334,BASEIN TALUKA INDUSTRIAL ESTATE       Maharashtra  India,STATE BANK OF INDIA
304,Y10511689,90383743,BANK OF INDIA,1987-01-01,1983-09-20,1999-09-30,1885000,L65920MH1994PLC080618,HDFC BANK,2023-12-19 18:33:25.617334,MUMBAI       Maharashtra  India,BANK OF INDIA
305,Y10511692,90383746,BOMBAY MERCANTILE CO- OP. BANK LTD.,1987-02-17,,1999-09-30,257000,L65920MH1994PLC080618,HDFC BANK,2023-12-19 18:33:25.617334,78 MOHAMEDALI ROAD       Maharashtra  India,BOMBAY MERCANTILE CO OP BANK
306,Y10511695,90383749,ANDHRA BANK,1987-04-02,1989-07-15,1999-09-30,1000000,L65920MH1994PLC080618,HDFC BANK,2023-12-19 18:33:25.617334,HOSPAT BRANCH       Karnataka  India,ANDHRA BANK
307,Y10511696,90383750,CANARA BANK,1987-05-19,,1999-09-30,140000,L65920MH1994PLC080618,HDFC BANK,2023-12-19 18:33:25.617334,QUEENS ROAD BRANCH       Maharashtra  India,CANARA BANK
308,Y10511698,90383752,CANARA BANK,1987-07-17,,1999-09-30,100000,L65920MH1994PLC080618,HDFC BANK,2023-12-19 18:33:25.617334,BANGALORE       Karnataka  India,CANARA BANK
309,Y10511699,90383753,STATE BANK OF INDIA,1987-08-29,,1999-09-30,700000,L65920MH1994PLC080618,HDFC BANK,2023-12-19 18:33:25.617334,HALOL       Karnataka  India,STATE BANK OF INDIA
310,Y10511700,90383754,GUJARAT STATE FINANCIAL CORPORATION,1987-09-24,,1999-09-30,200000,L65920MH1994PLC080618,HDFC BANK,2023-12-19 18:33:25.617334,A.K. NAYAK MARG       Maharashtra  India,GUJARAT STATE FINANCIAL CORPORATION
311,Y10511701,90383755,KARNATAKA STATE INDUSTRIAL INVESTMENT & DEVELOP. CORPORATION,1987-10-09,,1999-09-30,2000000,L65920MH1994PLC080618,HDFC BANK,2023-12-19 18:33:25.617334,CHUNNINGHAM ROAD       Karnataka  India,KARNATAKA STATE INDUSTRIAL INVESTMENT AND DEVELOP CORPORATION
312,Y10511703,90383757,INDIAN OVERSEAS BANK,1987-10-18,1995-11-15,1999-09-30,1400000,L65920MH1994PLC080618,HDFC BANK,2023-12-19 18:33:25.617334,FORT       Maharashtra  India,INDIAN OVERSEAS BANK
313,Y10511705,90383759,BANK OF BARODA,1987-10-23,1988-06-09,1999-09-30,850000,L65920MH1994PLC080618,HDFC BANK,2023-12-19 18:33:25.617334,IND. ESTATE BRANCH       Gujarat  India,BANK OF BARODA
314,Y10511706,90383760,KARNATAKA STATE FINANCIAL CORPORATION,1987-11-30,,1999-09-30,750000,L65920MH1994PLC080618,HDFC BANK,2023-12-19 18:33:25.617334,M.G. ROAD       Karnataka  India,KARNATAKA STATE FINANCIAL CORPORATION
315,Y10511707,90383761,BANK OF BARODA,1987-12-23,1995-05-05,1999-09-30,651000,L65920MH1994PLC080618,HDFC BANK,2023-12-19 18:33:25.617334,IND. ESTATE BRANCH       Gujarat  India,BANK OF BARODA
316,Y10511708,90383762,VIJAYA BANK,1988-03-02,,1999-09-30,20000000,L65920MH1994PLC080618,HDFC BANK,2023-12-19 18:33:25.617334,MAHIM       Maharashtra  India,VIJAYA BANK
317,Y10511710,90383764,CENTRAL BANK OF INDIA,1988-04-22,,1999-09-30,8450000,L65920MH1994PLC080618,HDFC BANK,2023-12-19 18:33:25.617334,M.G. ROAD FORT      Maharashtra  India,CENTRAL BANK OF INDIA
318,Y10511711,90383765,BANK OF MAHARASHTRA,1988-04-30,1995-05-31,1999-09-30,1700000,L65920MH1994PLC080618,HDFC BANK,2023-12-19 18:33:25.617334,VILE PARLE BRANCH       Maharashtra  India,BANK OF MAHARASHTRA
319,Y10511712,90383766,UCO BANK,1988-05-19,,1999-09-30,14000000,L65920MH1994PLC080618,HDFC BANK,2023-12-19 18:33:25.617334,83 M.G. ROAD       Karnataka  India,UCO BANK
320,Y10511713,90383767,INDIAN OVERSEAS BANK,1988-05-24,,1999-09-30,600000,L65920MH1994PLC080618,HDFC BANK,2023-12-19 18:33:25.617334,151 MOUNT ROAD       Tamil Nadu  India,INDIAN OVERSEAS BANK
321,Y10511714,90383768,BANK OF MAHARASHTRA,1988-06-08,,1999-09-30,550000,L65920MH1994PLC080618,HDFC BANK,2023-12-19 18:33:25.617334,VILE PARLE BRANCH       Maharashtra  India,BANK OF MAHARASHTRA
322,Y10511715,90383769,UNION BANK OF INDIA,1988-08-04,,1999-09-30,5500000,L65920MH1994PLC080618,HDFC BANK,2023-12-19 18:33:25.617334,DEVKARAN MANSION S.G. MARG      Goa  India,UNION BANK OF INDIA
323,Y10511716,90383770,ALLAHABAD BANK,1988-08-06,,1999-09-30,3060000,L65920MH1994PLC080618,HDFC BANK,2023-12-19 18:33:25.617334,K.G. ROAD       Karnataka  India,ALLAHABAD BANK
324,Y10511719,90383773,INDIAN BANK,1988-09-20,,1999-09-30,276000,L65920MH1994PLC080618,HDFC BANK,2023-12-19 18:33:25.617334,MALAD WEST       Maharashtra  India,INDIAN BANK
325,Y10511720,90383774,INDIAN BANK,1988-09-28,1991-12-28,1999-09-30,275000,L65920MH1994PLC080618,HDFC BANK,2023-12-19 18:33:25.617334,MALAD WEST       Maharashtra  India,INDIAN BANK
326,Y10511722,90383776,UNITED COMMERCIAL BANK,1988-11-16,,1999-09-30,90000,L65920MH1994PLC080618,HDFC BANK,2023-12-19 18:33:25.617334,BELGAUM       Karnataka  India,UNITED COMMERCIAL BANK
327,Y10511731,90383785,ALLAHABAD BANK,1989-09-20,,1999-09-30,1512000,L65920MH1994PLC080618,HDFC BANK,2023-12-19 18:33:25.617334,K.G. ROAD       Karnataka  India,ALLAHABAD BANK
328,Y10511732,90383786,STATE BANK OF MYSORE,1989-10-05,1994-10-18,1999-09-30,1100000,L65920MH1994PLC080618,HDFC BANK,2023-12-19 18:33:25.617334,J.C. ROAD       Karnataka  India,STATE BANK OF MYSORE
329,Y10511733,90383787,THE STATE INDUSTRIAL & INVESTMENT CORPORATION OF MAHARASTRA,1989-10-11,,1999-09-30,5200000,L65920MH1994PLC080618,HDFC BANK,2023-12-19 18:33:25.617334,NIRMAL NARIMAN POINT      Maharashtra  India,STATE INDUSTRIAL AND INVESTMENT CORPORATION OF MAHARASTRA
330,Y10511734,90383788,BANK OF INDIA,1989-12-09,,1999-09-30,65000,L65920MH1994PLC080618,HDFC BANK,2023-12-19 18:33:25.617334,KNOGOLI BRANCH       Madhya Pradesh  India,BANK OF INDIA
331,Y10511736,90383790,INDIAN BANK,1990-03-13,1996-02-08,1999-09-30,5000000,L65920MH1994PLC080618,HDFC BANK,2023-12-19 18:33:25.617334,M.G. ROAD       Karnataka  India,INDIAN BANK
332,Y10511737,90383791,BANK OF INDIA,1990-03-29,,1999-09-30,75000,L65920MH1994PLC080618,HDFC BANK,2023-12-19 18:33:25.617334,BALLARD ESTATE BRANCH       Maharashtra  India,BANK OF INDIA
333,Y10511739,90383793,VIJAYA BANK,1990-05-05,,1999-09-30,15000000,L65920MH1994PLC080618,HDFC BANK,2023-12-19 18:33:25.617334,MAYO MALL BRANCH       Karnataka  India,VIJAYA BANK
334,Y10511742,90383796,BANK OF MAHARASHTRA,1991-05-03,,1999-09-30,1475000,L65920MH1994PLC080618,HDFC BANK,2023-12-19 18:33:25.617334,VILE PARLE BRANCH       Maharashtra  India,BANK OF MAHARASHTRA
335,Y10511743,90383797,VIJAYA BANK,1991-06-28,,1999-09-30,3000000,L65920MH1994PLC080618,HDFC BANK,2023-12-19 18:33:25.617334,MAYO MALL BRANCH       Karnataka  India,VIJAYA BANK
336,Y10511748,90383802,STATE BANK OF INDIA,1991-07-13,1994-12-09,1999-09-30,2600000,L65920MH1994PLC080618,HDFC BANK,2023-12-19 18:33:25.617334,KUMARA PARK       Karnataka  India,STATE BANK OF INDIA
337,Y10511754,90383808,KARNATAKA STATE FINANCIAL CORPORATION,1992-01-08,,1999-09-30,4075000,L65920MH1994PLC080618,HDFC BANK,2023-12-19 18:33:25.617334,BANGALORE       Karnataka  India,KARNATAKA STATE FINANCIAL CORPORATION
338,Y10511755,90383809,INDIAN BANK,1992-04-10,,1999-09-30,1985000,L65920MH1994PLC080618,HDFC BANK,2023-12-19 18:33:25.617334,MALAD WEST       Maharashtra  India,INDIAN BANK
339,Y10511757,90383811,ANDHRA BANK,1992-06-29,,1999-09-30,2500000,L65920MH1994PLC080618,HDFC BANK,2023-12-19 18:33:25.617334,HOSPAT BRANCH       Karnataka  India,ANDHRA BANK
340,Y10511759,90383813,STATE BANK OF MYSORE,1992-10-09,,1999-09-30,2000000,L65920MH1994PLC080618,HDFC BANK,2023-12-19 18:33:25.617334,HMT INDUSTRIAL ESTATE BRANCH       Karnataka  India,STATE BANK OF MYSORE
341,Y10511762,90383816,INDIAN BANK,1993-04-10,1996-07-02,1999-09-30,1985000,L65920MH1994PLC080618,HDFC BANK,2023-12-19 18:33:25.617334,MALAD WEST       Maharashtra  India,INDIAN BANK
342,Y10511763,90383817,CENTRAL BANK OF INDIA,1993-05-03,,1999-09-30,920000,L65920MH1994PLC080618,HDFC BANK,2023-12-19 18:33:25.617334,MULUND WEST       Maharashtra  India,CENTRAL BANK OF INDIA
343,Y10511764,90383818,CENTRAL BANK OF INDIA,1993-05-10,,1999-09-30,300000,L65920MH1994PLC080618,HDFC BANK,2023-12-19 18:33:25.617334,MULUND WEST       Maharashtra  India,CENTRAL BANK OF INDIA
344,Y10511765,90383819,STATE BANK OF MYSORE,1993-06-14,,1999-09-30,300000,L65920MH1994PLC080618,HDFC BANK,2023-12-19 18:33:25.617334,J.C. ROAD       Karnataka  India,STATE BANK OF MYSORE
345,Y10511766,90383820,BANK OF MAHARASHTRA,1993-06-25,1995-05-31,1999-09-30,1000000,L65920MH1994PLC080618,HDFC BANK,2023-12-19 18:33:25.617334,VILE PARLE BRANCH       Maharashtra  India,BANK OF MAHARASHTRA
346,Y10511768,90383822,STATE BANK OF MYSORE,1993-08-06,,1999-09-30,1300000,L65920MH1994PLC080618,HDFC BANK,2023-12-19 18:33:25.617334,HMT INDUSTRIAL ESTATE BRANCH       Karnataka  India,STATE BANK OF MYSORE
347,Y10511769,90383823,BANK OF MAHARASHTRA,1993-09-17,,1999-09-30,1500000,L65920MH1994PLC080618,HDFC BANK,2023-12-19 18:33:25.617334,VILE PARLE BRANCH       Maharashtra  India,BANK OF MAHARASHTRA
348,Y10511773,90383827,STATE BANK OF INDIA,1993-12-27,1995-07-27,1999-09-30,3500000,L65920MH1994PLC080618,HDFC BANK,2023-12-19 18:33:25.617334,WILSON GARDEN BRANCH       Karnataka  India,STATE BANK OF INDIA
349,Y10511775,90383829,KARNATAKA STATE FINANCIAL CORPORATION,1994-02-22,1994-05-19,1999-09-30,1825000,L65920MH1994PLC080618,HDFC BANK,2023-12-19 18:33:25.617334,M.G. ROAD       Karnataka  India,KARNATAKA STATE FINANCIAL CORPORATION
350,Y10511778,90383832,BANK OF MAHARASHTRA,1994-04-22,,1999-09-30,454800,L65920MH1994PLC080618,HDFC BANK,2023-12-19 18:33:25.617334,VILE PARLE BRANCH       Maharashtra  India,BANK OF MAHARASHTRA
351,Y10511781,90383835,KARNATAKA BANK LTD.,1994-09-22,1997-03-14,1999-09-30,24500000,L65920MH1994PLC080618,HDFC BANK,2023-12-19 18:33:25.617334,294 HARON HOUSE       Maharashtra  India,KARNATAKA BANK
352,Y10511784,90383838,STATE BANK OF MYSORE,1994-10-18,,1999-09-30,300000,L65920MH1994PLC080618,HDFC BANK,2023-12-19 18:33:25.617334,J.C. ROAD       Karnataka  India,STATE BANK OF MYSORE
353,Y10511785,90383839,INDIAN OVERSEAS BANK,1994-10-27,,1999-09-30,1500000,L65920MH1994PLC080618,HDFC BANK,2023-12-19 18:33:25.617334,FORT       Maharashtra  India,INDIAN OVERSEAS BANK
354,Y10511786,90383840,BANK OF MAHARASHTRA,1994-10-30,,1999-09-30,325000,L65920MH1994PLC080618,HDFC BANK,2023-12-19 18:33:25.617334,VILE PARLE BRANCH       Maharashtra  India,BANK OF MAHARASHTRA
355,Y10511787,90383841,BANK OF MAHARASHTRA,1994-11-11,1997-07-03,1999-09-30,37200000,L65920MH1994PLC080618,HDFC BANK,2023-12-19 18:33:25.617334,VILE PARLE BRANCH       Maharashtra  India,BANK OF MAHARASHTRA
356,Y10511788,90383842,STATE BANK OF MAHARASHTRA,1994-11-22,,1999-09-30,1725000,L65920MH1994PLC080618,HDFC BANK,2023-12-19 18:33:25.617334,VILE PARLE BRANCH       Maharashtra  India,STATE BANK OF MAHARASHTRA
357,Y10511789,90383843,CANARA BANK,1994-12-08,1987-05-06,1999-09-30,250000,L65920MH1994PLC080618,HDFC BANK,2023-12-19 18:33:25.617334,BANGALORE       Karnataka  India,CANARA BANK
358,Y10511791,90383845,THE SARASWAT CO- OP. BANK LTD.,1994-12-19,1995-03-16,1999-09-30,150000,L65920MH1994PLC080618,HDFC BANK,2023-12-19 18:33:25.617334,A.K. NAYAK MARG       Maharashtra  India,SARASWAT CO OP BANK
359,Y10511796,90383850,BANK OF MAHARASHTRA,1995-05-31,,1999-09-30,5900000,L65920MH1994PLC080618,HDFC BANK,2023-12-19 18:33:25.617334,VILE PARLE BRANCH       Maharashtra  India,BANK OF MAHARASHTRA
360,Y10511797,90383851,STATE BANK OF INDIA,1995-07-27,1997-01-29,1999-09-30,9500000,L65920MH1994PLC080618,HDFC BANK,2023-12-19 18:33:25.617334,WILSON GARDEN BRANCH       Karnataka  India,STATE BANK OF INDIA
361,Y10511801,90383855,STATE BANK OF MYSORE,1996-05-08,,1999-09-30,5000000,L65920MH1994PLC080618,HDFC BANK,2023-12-19 18:33:25.617334,HMT INDUSTRIAL ESTATE BRANCH       Karnataka  India,STATE BANK OF MYSORE
362,Y10511802,90383856,KARNATAKA BANK LTD.,1996-06-27,,1999-09-30,10000000,L65920MH1994PLC080618,HDFC BANK,2023-12-19 18:33:25.617334,294 HARON HOUSE       Maharashtra  India,KARNATAKA BANK
363,Y10511805,90383859,STATE BANK OF MYSORE,1996-08-05,,1999-09-30,1500000,L65920MH1994PLC080618,HDFC BANK,2023-12-19 18:33:25.617334,HMT INDUSTRIAL ESTATE BRANCH       Karnataka  India,STATE BANK OF MYSORE
364,Y10511806,90383860,SYNDICATE BANK,1996-08-28,1998-07-24,1999-09-30,1250000,L65920MH1994PLC080618,HDFC BANK,2023-12-19 18:33:25.617334,WORLI BRANCH       Maharashtra  India,SYNDICATE BANK
365,Y10511809,90383863,BANK OF MAHARASHTRA,1997-02-25,,1999-09-30,4000000,L65920MH1994PLC080618,HDFC BANK,2023-12-19 18:33:25.617334,NASHIK       Maharashtra  India,BANK OF MAHARASHTRA
366,Y10511814,90383868,STATE BANK OF INDIA,1997-09-25,,1999-09-30,2700000,L65920MH1994PLC080618,HDFC BANK,2023-12-19 18:33:25.617334,RAMDASPETII BRANCH       Maharashtra  India,STATE BANK OF INDIA
367,Y10511816,90383870,INDIAN OVERSEAS BANK,1997-10-19,,1999-09-30,1400000,L65920MH1994PLC080618,HDFC BANK,2023-12-19 18:33:25.617334,FORT       Maharashtra  India,INDIAN OVERSEAS BANK
368,Y10511821,90383875,INDUSIND BANK LTD.,1998-07-02,,1999-09-30,10000000,L65920MH1994PLC080618,HDFC BANK,2023-12-19 18:33:25.617334,AVANASHI       Tamil Nadu  India,INDUSIND BANK
369,Y10511829,90383883,KARNATAKA STATE INDUSTRIAL INVESTMENT & DEVELOPMENT CORPORAT,1999-09-16,,2005-09-30,3000000,L65920MH1994PLC080618,HDFC BANK,2023-12-19 18:33:25.617334,BANGALORE       Karnataka  India,KARNATAKA STATE INDUSTRIAL INVESTMENT AND DEVELOPMENT CORPORAT
370,Y10511846,90383900,HDFC BANK LTD.,2004-01-31,,2005-09-30,480000,L65920MH1994PLC080618,HDFC BANK,2023-12-19 18:33:25.617334,SANDOZ HOUSE       Maharashtra  India,HDFC BANK
371,Y10517506,90389436,PUNJAB NATIONAL BANK,1980-11-01,,1999-09-30,4000000,L65920MH1994PLC080618,HDFC BANK,2023-12-19 18:33:25.617334,FORESHORE ROAD       Maharashtra  India,PUNJAB NATIONAL BANK
372,Y10517507,90389437,MERCANTILE BANK LTD.,1981-04-22,,1999-09-30,3000000,L65920MH1994PLC080618,HDFC BANK,2023-12-19 18:33:25.617334,52/60 M.G. ROAD       Maharashtra  India,MERCANTILE BANK
373,Y10517508,90389438,AMERICAN EXPRESS INTERNATIONAL BANKING CORPORATION LTD.,1981-06-12,,1999-09-30,2500000,L65920MH1994PLC080618,HDFC BANK,2023-12-19 18:33:25.617334,DR. D.N. ROAD       Maharashtra  India,AMERICAN EXPRESS INTERNATIONAL BANKING CORPORATION
374,Y10517509,90389439,BANK OF AMERICA,1981-08-12,1986-07-09,1999-09-30,3000000,L65920MH1994PLC080618,HDFC BANK,2023-12-19 18:33:25.617334,EXPRESS TOWERS NARIMAN POINT      Maharashtra  India,BANK OF AMERICA
375,Y10517510,90389440,STATE BANK OF MAHARASHTRA,1981-12-11,,1999-09-30,30000000,L65920MH1994PLC080618,HDFC BANK,2023-12-19 18:33:25.617334,21 NARIMAN POINT       Maharashtra  India,STATE BANK OF MAHARASHTRA
376,Y10517511,90389441,CANARA BANK,1981-12-29,1985-10-29,1999-09-30,2500000,L65920MH1994PLC080618,HDFC BANK,2023-12-19 18:33:25.617334,NARIMAN POINT       Maharashtra  India,CANARA BANK
377,Y10517512,90389442,CANARA BANK,1982-02-10,,1999-09-30,1917000,L65920MH1994PLC080618,HDFC BANK,2023-12-19 18:33:25.617334,REGENT CHAMBERS NARIMAN POINT      Maharashtra  India,CANARA BANK
378,Y10517513,90389443,CANARA BANK,1982-03-05,,1999-09-30,478000,L65920MH1994PLC080618,HDFC BANK,2023-12-19 18:33:25.617334,REGENT CHAMBERS NARIMAN POINT      Maharashtra  India,CANARA BANK
379,Y10517524,90389454,THE HONGKONG & SHANGHAI BANKING CORPORATION,1984-05-31,,1999-09-30,6500000,L65920MH1994PLC080618,HDFC BANK,2023-12-19 18:33:25.617334,M.G. ROAD       Maharashtra  India,HONGKONG AND SHANGHAI BANKING CORPORATION
380,Y10517528,90389458,THE CHARTERED BANK,1984-12-17,,1999-09-30,2720000,L65920MH1994PLC080618,HDFC BANK,2023-12-19 18:33:25.617334,M.G. ROAD       Maharashtra  India,CHARTERED BANK
381,Y10517529,90389459,BANK OF BARODA,1984-12-28,,1999-09-30,2500000,L65920MH1994PLC080618,HDFC BANK,2023-12-19 18:33:25.617334,NARIMAN POINT       Maharashtra  India,BANK OF BARODA
382,Y10517532,90389462,THE HONGKONG & SHANGHAI BANKING CORPORATION,1985-03-23,,1999-06-30,5000000,L65920MH1994PLC080618,HDFC BANK,2023-12-19 18:33:25.617334,M.G. ROAD       Maharashtra  India,HONGKONG AND SHANGHAI BANKING CORPORATION
383,Y10517536,90389466,CANARA BANK,1985-11-20,1988-01-04,1999-09-30,20000000,L65920MH1994PLC080618,HDFC BANK,2023-12-19 18:33:25.617334,NARIMAN POINT       Maharashtra  India,CANARA BANK
384,Y10517537,90389467,THE HONGKONG & SHANGHAI BANKING CORPORATION,1985-12-06,,1999-09-30,480000,L65920MH1994PLC080618,HDFC BANK,2023-12-19 18:33:25.617334,M.G. ROAD       Maharashtra  India,HONGKONG AND SHANGHAI BANKING CORPORATION
385,Y10517539,90389469,BANK OF CREDIT & COMMERCE INTERNATIONAL LTD.,1985-12-13,,1999-09-30,2757000,L65920MH1994PLC080618,HDFC BANK,2023-12-19 18:33:25.617334,NARIMAN POINT       Maharashtra  India,BANK OF CREDIT AND COMMERCE INTERNATIONAL
386,Y10517540,90389470,BANK OF BARODA,1985-12-15,1987-04-06,1999-09-30,20000000,L65920MH1994PLC080618,HDFC BANK,2023-12-19 18:33:25.617334,BALLARD ESTATE FORT      Maharashtra  India,BANK OF BARODA
387,Y10517542,90389472,THE MITSUI BANK,1986-04-17,,1999-09-30,3306442,L65920MH1994PLC080618,HDFC BANK,2023-12-19 18:33:25.617334,6 WALLACE STREET       Maharashtra  India,MITSUI BANK
388,Y10517548,90389478,STANDARD CHARTERED BANK,1986-09-18,,1999-09-30,13490000,L65920MH1994PLC080618,HDFC BANK,2023-12-19 18:33:25.617334,M.G. ROAD       Maharashtra  India,STANDARD CHARTERED BANK
389,Y10517549,90389479,THE STANDARD CHARTERED BANK,1986-12-30,,1999-09-30,10863000,L65920MH1994PLC080618,HDFC BANK,2023-12-19 18:33:25.617334,M.G. ROAD       Maharashtra  India,STANDARD CHARTERED BANK
390,Y10517550,90389480,ALGEMENE BANK NEDERLAND N.V.,1987-01-14,,1999-09-30,2500000,L65920MH1994PLC080618,HDFC BANK,2023-12-19 18:33:25.617334,VEER NARIMAN ROAD       Maharashtra  India,ALGEMENE BANK NEDERLAND NV
391,Y10517552,90389482,OMAN INTERNATIONAL BANK,1987-04-06,,1999-09-30,3825000,L65920MH1994PLC080618,HDFC BANK,2023-12-19 18:33:25.617334,MITTAL COURT NARIMAN POINT      Maharashtra  India,OMAN INTERNATIONAL BANK
392,Y10517554,90389484,CANARA BANK,1987-09-22,,1999-09-30,1584302,L65920MH1994PLC080618,HDFC BANK,2023-12-19 18:33:25.617334,NARIMAN POINT       Maharashtra  India,CANARA BANK
393,Y10517555,90389485,BANK OF CREDIT & COMMERCE INTERNATIONAL LTD.,1987-10-17,,1999-09-30,1816699,L65920MH1994PLC080618,HDFC BANK,2023-12-19 18:33:25.617334,NARIMAN POINT       Maharashtra  India,BANK OF CREDIT AND COMMERCE INTERNATIONAL
394,Y10517557,90389487,ALGEMENE BANK NEDERLAND N.V.,1987-12-03,,1999-09-30,600000,L65920MH1994PLC080618,HDFC BANK,2023-12-19 18:33:25.617334,VEER NARIMAN ROAD       Maharashtra  India,ALGEMENE BANK NEDERLAND NV
395,Y10517560,90389490,BANK OF CREDIT & COMMERCE INTERNATIONAL LTD.,1988-01-27,,1999-09-30,1257975,L65920MH1994PLC080618,HDFC BANK,2023-12-19 18:33:25.617334,MAKER CHAMBERS NARIMAN POINT      Maharashtra  India,BANK OF CREDIT AND COMMERCE INTERNATIONAL
396,Y10517562,90389492,OMAN INTERNATIONAL BANK LTD.,1988-02-17,,1999-09-30,3000000,L65920MH1994PLC080618,HDFC BANK,2023-12-19 18:33:25.617334,NARIMAN POINT       Maharashtra  India,OMAN INTERNATIONAL BANK
397,Y10517563,90389493,STATE BANK OF INDIA,1988-02-23,,1999-09-30,40000000,L65920MH1994PLC080618,HDFC BANK,2023-12-19 18:33:25.617334,COMMERCIAL BRANCH JUSTICE G.N. VAIDYA MARG      Maharashtra  India,STATE BANK OF INDIA
398,Y10517565,90389495,STANDRAD CHARTERED BANK,1988-03-05,1997-11-12,1999-09-30,20000000,L65920MH1994PLC080618,HDFC BANK,2023-12-19 18:33:25.617334,23-25 M.G. ROAD FORT      Maharashtra  India,STANDRAD CHARTERED BANK
399,Y10517567,90389497,BANK OF CREDIT & COMMERCE INTERNATIONAL LTD.,1988-03-22,,1999-09-30,4138812,L65920MH1994PLC080618,HDFC BANK,2023-12-19 18:33:25.617334,NARIMAN POINT       Maharashtra  India,BANK OF CREDIT AND COMMERCE INTERNATIONAL
400,Y10517568,90389498,BANK OF CREDIT & COMMERCE INTERNATIONAL LTD.,1988-04-07,,1999-09-30,3000000,L65920MH1994PLC080618,HDFC BANK,2023-12-19 18:33:25.617334,NARIMAN POINT       Maharashtra  India,BANK OF CREDIT AND COMMERCE INTERNATIONAL
401,Y10517569,90389499,OMAN INTERNATIONAL BANK LTD.,1988-04-27,,1999-09-30,50000000,L65920MH1994PLC080618,HDFC BANK,2023-12-19 18:33:25.617334,NARIMAN POINT       Maharashtra  India,OMAN INTERNATIONAL BANK
402,Y10517570,90389500,ORIENTAL BANK OF COMMERCE,1988-05-03,,1999-09-30,639507,L65920MH1994PLC080618,HDFC BANK,2023-12-19 18:33:25.617334,V.B. GANDHI MARG       Maharashtra  India,ORIENTAL BANK OF COMMERCE
403,Y10517571,90389501,ORIENTAL BANK OF COMMERCE,1988-06-09,,1999-09-30,373587,L65920MH1994PLC080618,HDFC BANK,2023-12-19 18:33:25.617334,V.B. GANDHI MARG       Maharashtra  India,ORIENTAL BANK OF COMMERCE
404,Y10517572,90389502,ORIENTAL BANK OF COMMERCE,1988-07-06,,1999-09-30,469797,L65920MH1994PLC080618,HDFC BANK,2023-12-19 18:33:25.617334,V.B. GANDHI MARG       Maharashtra  India,ORIENTAL BANK OF COMMERCE
405,Y10517575,90389505,AMERICAN EXPRESS BANK LTD.,1988-09-29,,1999-09-30,7350654,L65920MH1994PLC080618,HDFC BANK,2023-12-19 18:33:25.617334,DR. D.N. ROAD       Maharashtra  India,AMERICAN EXPRESS BANK
406,Y10517576,90389506,ALGENENE BANK NIDERLANDS N.V.,1988-10-11,,1999-09-30,358000,L65920MH1994PLC080618,HDFC BANK,2023-12-19 18:33:25.617334,14 VEER NARIMAN ROAD       Maharashtra  India,ALGENENE BANK NIDERLANDS NV
407,Y10517578,90389508,ORIENTAL BANK OF COMMERCE,1988-11-06,,1999-09-30,467360,L65920MH1994PLC080618,HDFC BANK,2023-12-19 18:33:25.617334,DR. V.B. GANDHI MARG       Maharashtra  India,ORIENTAL BANK OF COMMERCE
408,Y10517579,90389509,ORIENTAL BANK OF COMMERCE,1988-12-15,,1999-09-30,591794,L65920MH1994PLC080618,HDFC BANK,2023-12-19 18:33:25.617334,DR. V.B. GANDHI MARG       Maharashtra  India,ORIENTAL BANK OF COMMERCE
409,Y10517583,90389513,CANARA BANK,1989-01-20,,1999-09-30,50200000,L65920MH1994PLC080618,HDFC BANK,2023-12-19 18:33:25.617334,NARIMAN POINT       Maharashtra  India,CANARA BANK
410,Y10517584,90389514,STATE BANK OF INDIA,1989-02-24,,1999-09-30,25000000,L65920MH1994PLC080618,HDFC BANK,2023-12-19 18:33:25.617334,JUSTICE G.N. VAIDYA MARG       Maharashtra  India,STATE BANK OF INDIA
411,Y10517588,90389518,ICICI BANK LTD.,1989-03-20,,1999-09-30,50000000,L65920MH1994PLC080618,HDFC BANK,2023-12-19 18:33:25.617334,163 BACKBAY RECLAMATION       Maharashtra  India,ICICI BANK
412,Y10517589,90389519,ALGENGNS BANK,1989-03-30,,1999-09-30,7078000,L65920MH1994PLC080618,HDFC BANK,2023-12-19 18:33:25.617334,14 VEER NARIMAN ROAD       Maharashtra  India,ALGENGNS BANK
413,Y10517590,90389520,THE MITSUI BANK LTD.,1989-05-05,,1999-09-30,21500000,L65920MH1994PLC080618,HDFC BANK,2023-12-19 18:33:25.617334,FORT       Maharashtra  India,MITSUI BANK
414,Y10517591,90389521,STATE BANK OF HYDERABAD,1989-05-11,1994-11-30,1999-09-30,30000000,L65920MH1994PLC080618,HDFC BANK,2023-12-19 18:33:25.617334,210 NARIMAN POINT       Maharashtra  India,STATE BANK OF HYDERABAD
415,Y10517595,90389525,UNIT TRUST BANK OF INDIA,1989-06-20,,1999-09-30,30000000,L65920MH1994PLC080618,HDFC BANK,2023-12-19 18:33:25.617334,13 SIR VITHALDAS THACKERSEY MARG       Maharashtra  India,UNIT TRUST BANK OF INDIA
416,Y10517596,90389526,STATE BANK OF HYDERABAD,1989-06-24,,1999-09-30,30000000,L65920MH1994PLC080618,HDFC BANK,2023-12-19 18:33:25.617334,210 NARIMAN POINT       Maharashtra  India,STATE BANK OF HYDERABAD
417,Y10517599,90389529,INDUSTRIAL FINANCE CORPORATION OF INDIA,1989-09-06,,1999-09-30,12933000,L65920MH1994PLC080618,HDFC BANK,2023-12-19 18:33:25.617334,BANK OF BARODA BLDG. 16 SANSAD MARG      Delhi  India,INDUSTRIAL FINANCE CORPORATION OF INDIA
418,Y10517600,90389530,INDUSTRIAL FINANCE CORPORATION OF INDIA,1989-09-13,,1999-09-30,2067000,L65920MH1994PLC080618,HDFC BANK,2023-12-19 18:33:25.617334,BANK OF BARODA BLDG. 16 SANSAD MARG      Delhi  India,INDUSTRIAL FINANCE CORPORATION OF INDIA
419,Y10517602,90389532,ORIENTAL BANK OF COMMERCE,1989-10-16,,1999-09-30,175800,L65920MH1994PLC080618,HDFC BANK,2023-12-19 18:33:25.617334,M.G. ROAD       Maharashtra  India,ORIENTAL BANK OF COMMERCE
420,Y10517603,90389533,ALGEMENE BANK NEDERLAND,1989-10-23,,1999-09-30,1363500,L65920MH1994PLC080618,HDFC BANK,2023-12-19 18:33:25.617334,14 VEER NARIMAN ROAD       Maharashtra  India,ALGEMENE BANK NEDERLAND
421,Y10517605,90389535,THE INDUSTRIAL CREDIT & INVESTMENT CORPORATION OF INDIA LTD.,1989-11-07,,1999-09-30,30000000,L65920MH1994PLC080618,HDFC BANK,2023-12-19 18:33:25.617334,163 BACKBAY RECLAMATION       Maharashtra  India,INDUSTRIAL CREDIT AND INVESTMENT CORPORATION OF INDIA
422,Y10517608,90389538,ORIENTAL BANK OF COMMERCE,1989-12-06,,1999-09-30,392294,L65920MH1994PLC080618,HDFC BANK,2023-12-19 18:33:25.617334,DR. V.B. GANDHI MARG       Maharashtra  India,ORIENTAL BANK OF COMMERCE
423,Y10517609,90389539,ORIENTAL BANK OF COMMERCE,1990-02-09,,1999-09-30,1025415,L65920MH1994PLC080618,HDFC BANK,2023-12-19 18:33:25.617334,M.G. ROAD       Maharashtra  India,ORIENTAL BANK OF COMMERCE
424,Y10517612,90389542,ORIENTAL BANK OF COMMERCE,1990-05-10,,1999-09-30,1946395,L65920MH1994PLC080618,HDFC BANK,2023-12-19 18:33:25.617334,M.G. ROAD       Maharashtra  India,ORIENTAL BANK OF COMMERCE
425,Y10517614,90389544,THE HONGKONG & SHANGHAI BANKING CORPORATION,1990-08-27,,1999-09-30,39500000,L65920MH1994PLC080618,HDFC BANK,2023-12-19 18:33:25.617334,52/60 M.G. ROAD       Maharashtra  India,HONGKONG AND SHANGHAI BANKING CORPORATION
426,Y10517617,90389547,ALGENANC BANK NEDERLAND N.V.,1990-10-10,,1999-09-30,1677180,L65920MH1994PLC080618,HDFC BANK,2023-12-19 18:33:25.617334,14 VEER NARIMAN ROAD       Maharashtra  India,ALGENANC BANK NEDERLAND NV
427,Y10517619,90389549,IDBI BANK LTD.,1990-12-10,1991-01-31,1999-09-30,75000000,L65920MH1994PLC080618,HDFC BANK,2023-12-19 18:33:25.617334,CUFFE PARADE       Maharashtra  India,IDBI BANK
428,Y10517620,90389550,IDBI BANK LTD.,1990-12-30,1990-12-17,1999-09-30,75000000,L65920MH1994PLC080618,HDFC BANK,2023-12-19 18:33:25.617334,CUFFE PARADE       Maharashtra  India,IDBI BANK
429,Y10517624,90389554,CREDIT LYONNAIS,1991-03-21,1993-11-01,1999-09-30,12500000,L65920MH1994PLC080618,HDFC BANK,2023-12-19 18:33:25.617334,SCINDIA HOUSE BALLARD ESTATE      Maharashtra  India,CREDIT LYONNAIS
430,Y10517625,90389555,ORIENTAL BANK OF COMMERCE,1991-03-26,,1999-09-30,2711250,L65920MH1994PLC080618,HDFC BANK,2023-12-19 18:33:25.617334,M.G. ROAD       Maharashtra  India,ORIENTAL BANK OF COMMERCE
431,Y10517626,90389556,IFCI BANK LTD.,1991-03-27,,1999-09-30,19859000,L65920MH1994PLC080618,HDFC BANK,2023-12-19 18:33:25.617334,BANK OF BARODA BUILDING 16 SANSAD MARG      Delhi  India,IFCI BANK
432,Y10517628,90389558,THE UNIT TRUST BANK OF INDIA,1991-06-25,1992-06-17,1999-09-30,100000000,L65920MH1994PLC080618,HDFC BANK,2023-12-19 18:33:25.617334,NEW MARINE LINES       Maharashtra  India,UNIT TRUST BANK OF INDIA
433,Y10517630,90389560,ALGEMENC BANK,1991-07-16,,1999-09-30,6285569,L65920MH1994PLC080618,HDFC BANK,2023-12-19 18:33:25.617334,14 VEER NARIMAN POINT       Maharashtra  India,ALGEMENC BANK
434,Y10517632,90389562,BANK OF BARODA,1991-09-05,,1999-09-30,17800000,L65920MH1994PLC080618,HDFC BANK,2023-12-19 18:33:25.617334,NARIMAN POINT       Maharashtra  India,BANK OF BARODA
435,Y10517634,90389564,INDUSTRIAL FINANCE CORPORATION LTD.,1991-10-15,,1999-09-30,556000,L65920MH1994PLC080618,HDFC BANK,2023-12-19 18:33:25.617334,BANK OF BARODA 16 SANSAD MARG      Delhi  India,INDUSTRIAL FINANCE CORPORATION
436,Y10517638,90389568,BANK OF BARODA,1992-02-24,,1999-09-30,27000000,L65920MH1994PLC080618,HDFC BANK,2023-12-19 18:33:25.617334,NARIMAN POINT       Maharashtra  India,BANK OF BARODA
437,Y10517642,90389572,ICICI BANK LTD.,1992-04-24,,1999-09-30,5544985,L65920MH1994PLC080618,HDFC BANK,2023-12-19 18:33:25.617334,163 BACKBAY RECLAMATION       Maharashtra  India,ICICI BANK
438,Y10517643,90389573,ICICI BANK LTD.,1992-05-27,,1999-09-30,12500000,L65920MH1994PLC080618,HDFC BANK,2023-12-19 18:33:25.617334,163 BACKBAY RECLAMATION       Maharashtra  India,ICICI BANK
439,Y10517645,90389575,BANK OF BARODA,1992-07-08,1997-06-28,1999-09-30,30000000,L65920MH1994PLC080618,HDFC BANK,2023-12-19 18:33:25.617334,BALLARD ESTATE       Maharashtra  India,BANK OF BARODA
440,Y10517649,90389579,CREDIT LYONNAIS,1992-11-09,,1999-09-30,12500000,L65920MH1994PLC080618,HDFC BANK,2023-12-19 18:33:25.617334,BALLARD HOUSE       Maharashtra  India,CREDIT LYONNAIS
441,Y10517652,90389582,IFCI BANK LTD.,1993-02-15,,1999-09-30,30000000,L65920MH1994PLC080618,HDFC BANK,2023-12-19 18:33:25.617334,16 PARLIAMENT STREET       Delhi  India,IFCI BANK
442,Y10517656,90389586,THE INDUSTRIAL CREDIT & INVESTMENT CORPORATION OF INDIA LTD.,1993-03-02,,1999-09-30,300000,L65920MH1994PLC080618,HDFC BANK,2023-12-19 18:33:25.617334,163 BACKBAY RECLAMATION       Maharashtra  India,INDUSTRIAL CREDIT AND INVESTMENT CORPORATION OF INDIA
443,Y10517657,90389587,BANK OF AMERICA,1993-03-03,,1999-09-30,7000000,L65920MH1994PLC080618,HDFC BANK,2023-12-19 18:33:25.617334,EXPRESS TOWERS NARIMAN POINT      Maharashtra  India,BANK OF AMERICA
444,Y10517658,90389588,IDBI BANK LTD.,1993-03-22,1993-05-17,1999-09-30,100000000,L65920MH1994PLC080618,HDFC BANK,2023-12-19 18:33:25.617334,CUFFE PARADE COLOBA      Maharashtra  India,IDBI BANK
445,Y10517661,90389591,ORIENTAL BANK OF COMMERCE,1993-04-17,,1999-09-30,1622828,L65920MH1994PLC080618,HDFC BANK,2023-12-19 18:33:25.617334,M.G. ROAD       Maharashtra  India,ORIENTAL BANK OF COMMERCE
446,Y10517662,90389592,SCICI LIMITED,1993-05-13,1993-08-10,1999-09-30,100000000,L65920MH1994PLC080618,HDFC BANK,2023-12-19 18:33:25.617334,141 MAKER CHAMBERS CUFFE PARADE      Maharashtra  India,SCICI
447,Y10517668,90389598,SMALL INDUSTRIES DEVELOPMENT BANK OF INDIA,1993-08-08,,1999-09-30,100000000,L65920MH1994PLC080618,HDFC BANK,2023-12-19 18:33:25.617334,22. STATION ROAD       Uttar Pradesh  India,SMALL INDUSTRIES DEVELOPMENT BANK OF INDIA
448,Y10517671,90389601,STATE BANK OF TRAVANCORE,1993-09-24,,1999-09-30,17500000,L65920MH1994PLC080618,HDFC BANK,2023-12-19 18:33:25.617334,FORT       Maharashtra  India,STATE BANK OF TRAVANCORE
449,Y10517672,90389602,BANK OF BARODA,1993-10-19,2004-11-09,2005-09-30,117500000,L65920MH1994PLC080618,HDFC BANK,2023-12-19 18:33:25.617334,NARIMAN POINT       Maharashtra  India,BANK OF BARODA
450,Y10517673,90389603,THE UNIT TRUST BANK OF INDIA,1993-11-02,1996-09-12,1999-09-30,60000000,L65920MH1994PLC080618,HDFC BANK,2023-12-19 18:33:25.617334,NEW MARINE LINES 13 SIR VITHALDAS THACKERSEY MARG      Maharashtra  India,UNIT TRUST BANK OF INDIA
451,Y10517674,90389604,THE UNIT TRUST BANK OF INDIA,1993-11-10,1996-09-22,1999-09-30,15000000,L65920MH1994PLC080618,HDFC BANK,2023-12-19 18:33:25.617334,NEW MARINE LINES 13 SIR VITHALDAS THACKERSEY MARG      Maharashtra  India,UNIT TRUST BANK OF INDIA
452,Y10517675,90389605,THE UNIT TRUST OF INDIA,1993-11-12,,1999-09-30,15000000,L65920MH1994PLC080618,HDFC BANK,2023-12-19 18:33:25.617334,NEW MARINE LINES       Maharashtra  India,UNIT TRUST OF INDIA
453,Y10517676,90389606,SOCIETE GENERALE,1993-11-25,,1999-09-30,20000000,L65920MH1994PLC080618,HDFC BANK,2023-12-19 18:33:25.617334,NARIMAN POINT       Maharashtra  India,SOCIETE GENERALE
454,Y10517679,90389609,SMALL INDUSTRIES DEVELOPMENT BANK OF INDIA,1994-01-13,1999-03-22,1999-09-30,100000000,L65920MH1994PLC080618,HDFC BANK,2023-12-19 18:33:25.617334,22 STATION ROAD       Uttar Pradesh  India,SMALL INDUSTRIES DEVELOPMENT BANK OF INDIA
455,Y10517681,90389611,ICICI BANK LTD.,1994-01-27,,1999-09-30,100000000,L65920MH1994PLC080618,HDFC BANK,2023-12-19 18:33:25.617334,163 BACKBAY RECLAMATION       Maharashtra  India,ICICI BANK
456,Y10517683,90389613,INDUSTRIAL DEVELOPMENT BANK OF INDIA,1994-02-24,1994-03-22,1999-09-30,10000000,L65920MH1994PLC080618,HDFC BANK,2023-12-19 18:33:25.617334,IDBI TOWER CUFFE PARADE      Maharashtra  India,INDUSTRIAL DEVELOPMENT BANK OF INDIA
457,Y10517684,90389614,SCICI LIMITED,1994-03-30,1994-07-29,1999-09-30,100000000,L65920MH1994PLC080618,HDFC BANK,2023-12-19 18:33:25.617334,141 MAKER CHAMBERS CUFFE PARADE      Maharashtra  India,SCICI
458,Y10517686,90389616,SCICI LIMITED,1994-05-16,1997-04-11,1999-09-30,100000000,L65920MH1994PLC080618,HDFC BANK,2023-12-19 18:33:25.617334,141 MAKER CHAMBERS CUFFE PARADE      Maharashtra  India,SCICI
459,Y10517687,90389617,THE SAKURA BANK LTD.,1994-06-20,,1999-09-30,50000000,L65920MH1994PLC080618,HDFC BANK,2023-12-19 18:33:25.617334,224 NARIMAN POINT FORT      Maharashtra  India,SAKURA BANK
460,Y10517692,90389622,THE SAKURA BANK LTD.,1994-09-30,,1999-09-30,100000000,L65920MH1994PLC080618,HDFC BANK,2023-12-19 18:33:25.617334,NARIMAN POINT       Maharashtra  India,SAKURA BANK
461,Y10517693,90389623,BANK OF BARODA,1994-10-08,,1999-09-30,190000000,L65920MH1994PLC080618,HDFC BANK,2023-12-19 18:33:25.617334,NARIMAN POINT       Maharashtra  India,BANK OF BARODA
462,Y10517697,90389627,SMALL INDUSTRIES DEVELOPMENT BANK OF INDIA,1995-02-13,1995-05-30,1999-09-30,200000000,L65920MH1994PLC080618,HDFC BANK,2023-12-19 18:33:25.617334,22 STATION ROAD       Uttar Pradesh  India,SMALL INDUSTRIES DEVELOPMENT BANK OF INDIA
463,Y10517701,90389631,CREDIT LYONNAIS,1995-07-25,,1999-09-30,150000000,L65920MH1994PLC080618,HDFC BANK,2023-12-19 18:33:25.617334,BALLARD ESTATE       Maharashtra  India,CREDIT LYONNAIS
464,Y10517703,90389633,STATE BANK OF TRAVANCORE,1995-10-16,,1999-09-30,42500000,L65920MH1994PLC080618,HDFC BANK,2023-12-19 18:33:25.617334,FREE PRESS HOUSE NARIMAN POINT      Maharashtra  India,STATE BANK OF TRAVANCORE
465,Y10517704,90389634,INDUSTRIAL DEVELOPMENT BANK OF INDIA,1996-01-03,,1999-09-30,45000000,L65920MH1994PLC080618,HDFC BANK,2023-12-19 18:33:25.617334,IDBI TOWER CUFFE PARADE      Maharashtra  India,INDUSTRIAL DEVELOPMENT BANK OF INDIA
466,Y10517705,90389635,SMALL INDUSTRIES DEVELOPMENT BANK OF INDIA,1996-01-15,1996-05-06,1999-09-30,20000000,L65920MH1994PLC080618,HDFC BANK,2023-12-19 18:33:25.617334,22 STATION ROAD       Uttar Pradesh  India,SMALL INDUSTRIES DEVELOPMENT BANK OF INDIA
467,Y10517710,90389640,ICICI BANK LTD.,1996-09-24,1996-10-30,1999-09-30,250000000,L65920MH1994PLC080618,HDFC BANK,2023-12-19 18:33:25.617334,ZENITH HOUSE       Maharashtra  India,ICICI BANK
468,Y10517713,90389643,HDFC BANK LTD.,1997-01-16,,1999-09-30,70000000,L65920MH1994PLC080618,HDFC BANK,2023-12-19 18:33:25.617334,169 BACKBAY RECLAMATION       Maharashtra  India,HDFC BANK
469,Y10517714,90389644,ICICI LIMITED,1997-03-14,1997-03-31,1999-09-30,200000000,L65920MH1994PLC080618,HDFC BANK,2023-12-19 18:33:25.617334,ZENITH HOUSE MAHALAXMI      Maharashtra  India,ICICI
470,Y10517715,90389645,BANK OF BARODA,1997-04-25,,1999-09-30,20000000,L65920MH1994PLC080618,HDFC BANK,2023-12-19 18:33:25.617334,NARIMAN POINT BRNACH       Maharashtra  India,BANK OF BARODA
471,Y10517716,90389646,THE CATHOLIC SYRIAN BANK LTD.,1997-06-25,,1999-09-30,45000000,L65920MH1994PLC080618,HDFC BANK,2023-12-19 18:33:25.617334,53 EASTEND WEST BUILDING B.S. MARG FORT      Maharashtra  India,CATHOLIC SYRIAN BANK
472,Y10517718,90389648,UNIT TRUST BANK OF INDIA,1998-06-26,1992-11-22,1999-09-30,20000000,L65920MH1994PLC080618,HDFC BANK,2023-12-19 18:33:25.617334,NEW MARINE LINES       Maharashtra  India,UNIT TRUST BANK OF INDIA
473,Y10517719,90389649,ORIENTAL BANK OF COMMERCE,1999-03-30,,2005-09-30,1138796,L65920MH1994PLC080618,HDFC BANK,2023-12-19 18:33:25.617334,M.G. ROAD       Maharashtra  India,ORIENTAL BANK OF COMMERCE
474,Y10517720,90389650,ORIENTAL BANK OF COMMERCE,1999-09-28,,2005-09-30,916325,L65920MH1994PLC080618,HDFC BANK,2023-12-19 18:33:25.617334,M.G. ROAD       Maharashtra  India,ORIENTAL BANK OF COMMERCE
